'Elapsed time','ECG'
'seconds','mV'
0.000,0.185
0.001,0.185
0.003,0.169
0.004,0.185
0.006,0.185
0.007,0.185
0.008,0.185
0.010,0.185
0.011,0.185
0.013,0.200
0.014,0.200
0.015,0.192
0.017,0.200
0.018,0.192
0.019,0.192
0.021,0.208
0.022,0.215
0.024,0.208
0.025,0.215
0.026,0.215
0.028,0.200
0.029,0.208
0.031,0.208
0.032,0.208
0.033,0.208
0.035,0.200
0.036,0.192
0.037,0.192
0.039,0.208
0.040,0.208
0.042,0.192
0.043,0.215
0.044,0.223
0.046,0.223
0.047,0.223
0.049,0.223
0.050,0.231
0.051,0.231
0.053,0.223
0.054,0.231
0.056,0.231
0.057,0.231
0.058,0.223
0.060,0.231
0.061,0.215
0.062,0.223
0.064,0.231
0.065,0.223
0.067,0.223
0.068,0.223
0.069,0.223
0.071,0.223
0.072,0.223
0.074,0.215
0.075,0.215
0.076,0.215
0.078,0.223
0.079,0.223
0.081,0.215
0.082,0.215
0.083,0.208
0.085,0.208
0.086,0.223
0.087,0.215
0.089,0.208
0.090,0.223
0.092,0.215
0.093,0.208
0.094,0.223
0.096,0.223
0.097,0.215
0.099,0.208
0.100,0.223
0.101,0.223
0.103,0.215
0.104,0.223
0.106,0.215
0.107,0.208
0.108,0.215
0.110,0.223
0.111,0.223
0.113,0.215
0.114,0.223
0.115,0.223
0.117,0.223
0.118,0.223
0.119,0.215
0.121,0.231
0.122,0.223
0.124,0.231
0.125,0.223
0.126,0.231
0.128,0.231
0.129,0.223
0.131,0.223
0.132,0.238
0.133,0.246
0.135,0.231
0.136,0.231
0.138,0.238
0.139,0.231
0.140,0.231
0.142,0.231
0.143,0.223
0.144,0.215
0.146,0.215
0.147,0.215
0.149,0.223
0.150,0.231
0.151,0.223
0.153,0.223
0.154,0.231
0.156,0.246
0.157,0.238
0.158,0.246
0.160,0.262
0.161,0.246
0.163,0.246
0.164,0.254
0.165,0.246
0.167,0.238
0.168,0.238
0.169,0.231
0.171,0.223
0.172,0.223
0.174,0.223
0.175,0.215
0.176,0.215
0.178,0.215
0.179,0.223
0.181,0.231
0.182,0.231
0.183,0.254
0.185,0.262
0.186,0.277
0.188,0.277
0.189,0.269
0.190,0.277
0.192,0.262
0.193,0.262
0.194,0.262
0.196,0.269
0.197,0.277
0.199,0.285
0.200,0.262
0.201,0.254
0.203,0.254
0.204,0.262
0.206,0.246
0.207,0.262
0.208,0.277
0.210,0.262
0.211,0.262
0.212,0.277
0.214,0.277
0.215,0.277
0.217,0.277
0.218,0.277
0.219,0.285
0.221,0.292
0.222,0.292
0.224,0.292
0.225,0.300
0.226,0.285
0.228,0.285
0.229,0.292
0.231,0.308
0.232,0.323
0.233,0.315
0.235,0.300
0.236,0.285
0.237,0.300
0.239,0.308
0.240,0.300
0.242,0.300
0.243,0.285
0.244,0.277
0.246,0.285
0.247,0.292
0.249,0.285
0.250,0.300
0.251,0.285
0.253,0.292
0.254,0.308
0.256,0.315
0.257,0.315
0.258,0.308
0.260,0.308
0.261,0.308
0.263,0.323
0.264,0.308
0.265,0.300
0.267,0.300
0.268,0.300
0.269,0.292
0.271,0.308
0.272,0.308
0.274,0.277
0.275,0.277
0.276,0.285
0.278,0.277
0.279,0.277
0.281,0.277
0.282,0.262
0.283,0.269
0.285,0.262
0.286,0.254
0.287,0.262
0.289,0.269
0.290,0.254
0.292,0.262
0.293,0.246
0.294,0.231
0.296,0.238
0.297,0.231
0.299,0.223
0.300,0.231
0.301,0.238
0.303,0.223
0.304,0.223
0.306,0.231
0.307,0.223
0.308,0.208
0.310,0.208
0.311,0.200
0.312,0.200
0.314,0.192
0.315,0.185
0.317,0.192
0.318,0.192
0.319,0.192
0.321,0.200
0.322,0.192
0.324,0.192
0.325,0.185
0.326,0.185
0.328,0.177
0.329,0.185
0.331,0.200
0.332,0.192
0.333,0.208
0.335,0.223
0.336,0.208
0.338,0.223
0.339,0.231
0.340,0.223
0.342,0.223
0.343,0.231
0.344,0.223
0.346,0.223
0.347,0.238
0.349,0.238
0.350,0.231
0.351,0.246
0.353,0.262
0.354,0.246
0.356,0.254
0.357,0.246
0.358,0.246
0.360,0.254
0.361,0.269
0.362,0.277
0.364,0.292
0.365,0.308
0.367,0.323
0.368,0.338
0.369,0.354
0.371,0.392
0.372,0.392
0.374,0.400
0.375,0.431
0.376,0.462
0.378,0.469
0.379,0.492
0.381,0.515
0.382,0.531
0.383,0.554
0.385,0.585
0.386,0.577
0.388,0.577
0.389,0.569
0.390,0.554
0.392,0.554
0.393,0.569
0.394,0.554
0.396,0.531
0.397,0.531
0.399,0.508
0.400,0.462
0.401,0.438
0.403,0.438
0.404,0.415
0.406,0.392
0.407,0.385
0.408,0.377
0.410,0.369
0.411,0.369
0.412,0.362
0.414,0.354
0.415,0.354
0.417,0.346
0.418,0.331
0.419,0.354
0.421,0.354
0.422,0.331
0.424,0.331
0.425,0.338
0.426,0.331
0.428,0.315
0.429,0.315
0.431,0.315
0.432,0.323
0.433,0.331
0.435,0.308
0.436,0.300
0.438,0.300
0.439,0.292
0.440,0.285
0.442,0.277
0.443,0.277
0.444,0.262
0.446,0.254
0.447,0.238
0.449,0.246
0.450,0.238
0.451,0.238
0.453,0.246
0.454,0.238
0.456,0.231
0.457,0.238
0.458,0.238
0.460,0.231
0.461,0.223
0.463,0.223
0.464,0.223
0.465,0.215
0.467,0.215
0.468,0.215
0.469,0.223
0.471,0.215
0.472,0.215
0.474,0.223
0.475,0.223
0.476,0.223
0.478,0.223
0.479,0.223
0.481,0.223
0.482,0.215
0.483,0.231
0.485,0.215
0.486,0.215
0.487,0.215
0.489,0.223
0.490,0.215
0.492,0.215
0.493,0.208
0.494,0.215
0.496,0.223
0.497,0.208
0.499,0.208
0.500,0.208
0.501,0.192
0.503,0.200
0.504,0.200
0.506,0.192
0.507,0.200
0.508,0.208
0.510,0.208
0.511,0.208
0.512,0.223
0.514,0.223
0.515,0.208
0.517,0.223
0.518,0.223
0.519,0.223
0.521,0.223
0.522,0.223
0.524,0.223
0.525,0.223
0.526,0.215
0.528,0.215
0.529,0.215
0.531,0.215
0.532,0.215
0.533,0.215
0.535,0.215
0.536,0.208
0.537,0.208
0.539,0.208
0.540,0.208
0.542,0.208
0.543,0.208
0.544,0.208
0.546,0.215
0.547,0.208
0.549,0.208
0.550,0.215
0.551,0.215
0.553,0.200
0.554,0.208
0.556,0.215
0.557,0.208
0.558,0.185
0.560,0.192
0.561,0.177
0.562,0.162
0.564,0.177
0.565,0.177
0.567,0.177
0.568,0.169
0.569,0.169
0.571,0.177
0.572,0.169
0.574,0.169
0.575,0.169
0.576,0.162
0.578,0.162
0.579,0.146
0.581,0.162
0.582,0.162
0.583,0.154
0.585,0.154
0.586,0.169
0.588,0.162
0.589,0.146
0.590,0.169
0.592,0.177
0.593,0.162
0.594,0.154
0.596,0.162
0.597,0.162
0.599,0.169
0.600,0.162
0.601,0.154
0.603,0.162
0.604,0.177
0.606,0.169
0.607,0.162
0.608,0.162
0.610,0.162
0.611,0.154
0.613,0.154
0.614,0.169
0.615,0.169
0.617,0.154
0.618,0.154
0.619,0.162
0.621,0.154
0.622,0.138
0.624,0.146
0.625,0.146
0.626,0.138
0.628,0.138
0.629,0.138
0.631,0.131
0.632,0.123
0.633,0.123
0.635,0.115
0.636,0.115
0.637,0.131
0.639,0.123
0.640,0.123
0.642,0.131
0.643,0.123
0.644,0.100
0.646,0.100
0.647,0.092
0.649,0.092
0.650,0.100
0.651,0.092
0.653,0.092
0.654,0.085
0.656,0.085
0.657,0.085
0.658,0.092
0.660,0.100
0.661,0.100
0.662,0.100
0.664,0.100
0.665,0.108
0.667,0.092
0.668,0.115
0.669,0.131
0.671,0.123
0.672,0.123
0.674,0.115
0.675,0.123
0.676,0.115
0.678,0.123
0.679,0.123
0.681,0.123
0.682,0.123
0.683,0.138
0.685,0.123
0.686,0.138
0.688,0.146
0.689,0.146
0.690,0.138
0.692,0.146
0.693,0.154
0.694,0.146
0.696,0.154
0.697,0.154
0.699,0.154
0.700,0.162
0.701,0.162
0.703,0.162
0.704,0.177
0.706,0.177
0.707,0.185
0.708,0.185
0.710,0.192
0.711,0.185
0.713,0.185
0.714,0.177
0.715,0.185
0.717,0.185
0.718,0.200
0.719,0.200
0.721,0.208
0.722,0.208
0.724,0.208
0.725,0.215
0.726,0.223
0.728,0.215
0.729,0.223
0.731,0.223
0.732,0.215
0.733,0.215
0.735,0.223
0.736,0.223
0.738,0.223
0.739,0.231
0.740,0.238
0.742,0.231
0.743,0.223
0.744,0.238
0.746,0.238
0.747,0.246
0.749,0.246
0.750,0.238
0.751,0.238
0.753,0.231
0.754,0.238
0.756,0.238
0.757,0.231
0.758,0.238
0.760,0.231
0.761,0.231
0.762,0.238
0.764,0.223
0.765,0.231
0.767,0.231
0.768,0.223
0.769,0.223
0.771,0.231
0.772,0.223
0.774,0.223
0.775,0.231
0.776,0.231
0.778,0.215
0.779,0.215
0.781,0.223
0.782,0.231
0.783,0.223
0.785,0.231
0.786,0.231
0.787,0.223
0.789,0.223
0.790,0.223
0.792,0.223
0.793,0.208
0.794,0.208
0.796,0.208
0.797,0.215
0.799,0.215
0.800,0.208
0.801,0.208
0.803,0.223
0.804,0.215
0.806,0.208
0.807,0.208
0.808,0.223
0.810,0.231
0.811,0.238
0.812,0.238
0.814,0.238
0.815,0.246
0.817,0.231
0.818,0.223
0.819,0.215
0.821,0.223
0.822,0.208
0.824,0.208
0.825,0.215
0.826,0.215
0.828,0.215
0.829,0.223
0.831,0.223
0.832,0.215
0.833,0.223
0.835,0.223
0.836,0.208
0.838,0.223
0.839,0.238
0.840,0.231
0.842,0.223
0.843,0.215
0.844,0.223
0.846,0.223
0.847,0.215
0.849,0.215
0.850,0.215
0.851,0.215
0.853,0.208
0.854,0.208
0.856,0.215
0.857,0.200
0.858,0.200
0.860,0.200
0.861,0.192
0.863,0.200
0.864,0.200
0.865,0.192
0.867,0.192
0.868,0.200
0.869,0.200
0.871,0.200
0.872,0.208
0.874,0.208
0.875,0.200
0.876,0.200
0.878,0.200
0.879,0.192
0.881,0.200
0.882,0.200
0.883,0.208
0.885,0.215
0.886,0.231
0.887,0.238
0.889,0.269
0.890,0.285
0.892,0.285
0.893,0.308
0.894,0.323
0.896,0.338
0.897,0.331
0.899,0.338
0.900,0.338
0.901,0.346
0.903,0.354
0.904,0.346
0.906,0.331
0.907,0.315
0.908,0.292
0.910,0.269
0.911,0.238
0.912,0.223
0.914,0.208
0.915,0.185
0.917,0.146
0.918,0.092
0.919,0.054
0.921,0.008
0.922,-0.023
0.924,-0.062
0.925,-0.115
0.926,-0.177
0.928,-0.231
0.929,-0.300
0.931,-0.362
0.932,-0.423
0.933,-0.477
0.935,-0.515
0.936,-0.515
0.938,-0.492
0.939,-0.469
0.940,-0.477
0.942,-0.462
0.943,-0.438
0.944,-0.431
0.946,-0.415
0.947,-0.369
0.949,-0.346
0.950,-0.331
0.951,-0.308
0.953,-0.269
0.954,-0.238
0.956,-0.200
0.957,-0.154
0.958,-0.108
0.960,-0.069
0.961,-0.031
0.963,0.023
0.964,0.069
0.965,0.092
0.967,0.108
0.968,0.108
0.969,0.115
0.971,0.138
0.972,0.154
0.974,0.162
0.975,0.162
0.976,0.169
0.978,0.177
0.979,0.177
0.981,0.192
0.982,0.200
0.983,0.208
0.985,0.208
0.986,0.215
0.988,0.223
0.989,0.215
0.990,0.215
0.992,0.215
0.993,0.215
0.994,0.215
0.996,0.223
0.997,0.223
0.999,0.223
1.000,0.231
1.001,0.231
1.003,0.238
1.004,0.238
1.006,0.246
1.007,0.246
1.008,0.238
1.010,0.231
1.011,0.246
1.012,0.238
1.014,0.238
1.015,0.238
1.017,0.238
1.018,0.238
1.019,0.262
1.021,0.269
1.022,0.262
1.024,0.269
1.025,0.269
1.026,0.277
1.028,0.269
1.029,0.277
1.031,0.277
1.032,0.285
1.033,0.277
1.035,0.269
1.036,0.277
1.038,0.285
1.039,0.277
1.040,0.277
1.042,0.285
1.043,0.277
1.044,0.269
1.046,0.277
1.047,0.285
1.049,0.285
1.050,0.300
1.051,0.300
1.053,0.308
1.054,0.308
1.056,0.308
1.057,0.308
1.058,0.308
1.060,0.300
1.061,0.300
1.062,0.300
1.064,0.300
1.065,0.292
1.067,0.300
1.068,0.300
1.069,0.300
1.071,0.300
1.072,0.300
1.074,0.300
1.075,0.292
1.076,0.277
1.078,0.300
1.079,0.300
1.081,0.292
1.082,0.300
1.083,0.292
1.085,0.300
1.086,0.300
1.087,0.292
1.089,0.308
1.090,0.331
1.092,0.331
1.093,0.323
1.094,0.331
1.096,0.323
1.097,0.308
1.099,0.323
1.100,0.323
1.101,0.308
1.103,0.300
1.104,0.300
1.106,0.308
1.107,0.315
1.108,0.315
1.110,0.315
1.111,0.323
1.113,0.331
1.114,0.338
1.115,0.338
1.117,0.346
1.118,0.354
1.119,0.369
1.121,0.377
1.122,0.385
1.124,0.369
1.125,0.377
1.126,0.385
1.128,0.392
1.129,0.385
1.131,0.385
1.132,0.377
1.133,0.392
1.135,0.400
1.136,0.392
1.137,0.392
1.139,0.392
1.140,0.400
1.142,0.400
1.143,0.400
1.144,0.415
1.146,0.423
1.147,0.423
1.149,0.423
1.150,0.423
1.151,0.431
1.153,0.431
1.154,0.446
1.156,0.454
1.157,0.446
1.158,0.446
1.160,0.454
1.161,0.446
1.163,0.446
1.164,0.446
1.165,0.454
1.167,0.454
1.168,0.454
1.169,0.462
1.171,0.462
1.172,0.462
1.174,0.477
1.175,0.469
1.176,0.469
1.178,0.469
1.179,0.462
1.181,0.462
1.182,0.469
1.183,0.462
1.185,0.462
1.186,0.462
1.188,0.469
1.189,0.446
1.190,0.454
1.192,0.469
1.193,0.462
1.194,0.454
1.196,0.446
1.197,0.438
1.199,0.431
1.200,0.423
1.201,0.415
1.203,0.408
1.204,0.415
1.206,0.408
1.207,0.408
1.208,0.400
1.210,0.400
1.211,0.400
1.212,0.400
1.214,0.385
1.215,0.377
1.217,0.385
1.218,0.369
1.219,0.354
1.221,0.369
1.222,0.362
1.224,0.362
1.225,0.354
1.226,0.338
1.228,0.331
1.229,0.331
1.231,0.323
1.232,0.315
1.233,0.315
1.235,0.308
1.236,0.300
1.238,0.300
1.239,0.292
1.240,0.285
1.242,0.277
1.243,0.269
1.244,0.269
1.246,0.262
1.247,0.269
1.249,0.254
1.250,0.238
1.251,0.238
1.253,0.246
1.254,0.231
1.256,0.231
1.257,0.231
1.258,0.238
1.260,0.231
1.261,0.215
1.262,0.215
1.264,0.223
1.265,0.215
1.267,0.208
1.268,0.215
1.269,0.223
1.271,0.215
1.272,0.215
1.274,0.223
1.275,0.223
1.276,0.238
1.278,0.238
1.279,0.238
1.281,0.223
1.282,0.223
1.283,0.223
1.285,0.231
1.286,0.215
1.288,0.208
1.289,0.208
1.290,0.208
1.292,0.208
1.293,0.208
1.294,0.200
1.296,0.192
1.297,0.200
1.299,0.200
1.300,0.208
1.301,0.208
1.303,0.215
1.304,0.215
1.306,0.215
1.307,0.223
1.308,0.223
1.310,0.223
1.311,0.215
1.312,0.223
1.314,0.231
1.315,0.238
1.317,0.231
1.318,0.223
1.319,0.223
1.321,0.223
1.322,0.246
1.324,0.238
1.325,0.238
1.326,0.238
1.328,0.231
1.329,0.223
1.331,0.231
1.332,0.223
1.333,0.223
1.335,0.231
1.336,0.238
1.337,0.215
1.339,0.215
1.340,0.208
1.342,0.215
1.343,0.208
1.344,0.200
1.346,0.192
1.347,0.192
1.349,0.200
1.350,0.200
1.351,0.200
1.353,0.200
1.354,0.208
1.356,0.208
1.357,0.215
1.358,0.208
1.360,0.208
1.361,0.215
1.363,0.223
1.364,0.231
1.365,0.215
1.367,0.215
1.368,0.231
1.369,0.223
1.371,0.200
1.372,0.208
1.374,0.215
1.375,0.200
1.376,0.200
1.378,0.200
1.379,0.192
1.381,0.177
1.382,0.177
1.383,0.185
1.385,0.177
1.386,0.177
1.387,0.177
1.389,0.177
1.390,0.185
1.392,0.192
1.393,0.185
1.394,0.185
1.396,0.185
1.397,0.185
1.399,0.177
1.400,0.185
1.401,0.192
1.403,0.192
1.404,0.185
1.406,0.185
1.407,0.185
1.408,0.185
1.410,0.185
1.411,0.185
1.413,0.185
1.414,0.185
1.415,0.185
1.417,0.192
1.418,0.200
1.419,0.200
1.421,0.200
1.422,0.208
1.424,0.200
1.425,0.192
1.426,0.185
1.428,0.192
1.429,0.192
1.431,0.177
1.432,0.192
1.433,0.192
1.435,0.185
1.436,0.185
1.438,0.192
1.439,0.192
1.440,0.177
1.442,0.169
1.443,0.169
1.444,0.185
1.446,0.185
1.447,0.177
1.449,0.177
1.450,0.185
1.451,0.185
1.453,0.177
1.454,0.185
1.456,0.185
1.457,0.185
1.458,0.185
1.460,0.192
1.461,0.185
1.462,0.185
1.464,0.192
1.465,0.185
1.467,0.185
1.468,0.185
1.469,0.185
1.471,0.185
1.472,0.177
1.474,0.185
1.475,0.185
1.476,0.185
1.478,0.177
1.479,0.185
1.481,0.192
1.482,0.185
1.483,0.185
1.485,0.192
1.486,0.185
1.488,0.177
1.489,0.177
1.490,0.177
1.492,0.169
1.493,0.162
1.494,0.177
1.496,0.177
1.497,0.169
1.499,0.162
1.500,0.177
1.501,0.177
1.503,0.185
1.504,0.185
1.506,0.185
1.507,0.185
1.508,0.192
1.510,0.200
1.511,0.208
1.512,0.208
1.514,0.208
1.515,0.200
1.517,0.208
1.518,0.208
1.519,0.200
1.521,0.200
1.522,0.192
1.524,0.208
1.525,0.192
1.526,0.192
1.528,0.192
1.529,0.192
1.531,0.192
1.532,0.185
1.533,0.177
1.535,0.200
1.536,0.192
1.538,0.185
1.539,0.208
1.540,0.215
1.542,0.208
1.543,0.208
1.544,0.208
1.546,0.208
1.547,0.200
1.549,0.208
1.550,0.223
1.551,0.200
1.553,0.208
1.554,0.200
1.556,0.215
1.557,0.215
1.558,0.215
1.560,0.223
1.561,0.215
1.562,0.215
1.564,0.223
1.565,0.215
1.567,0.215
1.568,0.208
1.569,0.215
1.571,0.215
1.572,0.208
1.574,0.215
1.575,0.215
1.576,0.215
1.578,0.223
1.579,0.215
1.581,0.215
1.582,0.215
1.583,0.208
1.585,0.208
1.586,0.208
1.587,0.215
1.589,0.215
1.590,0.208
1.592,0.208
1.593,0.208
1.594,0.215
1.596,0.208
1.597,0.200
1.599,0.208
1.600,0.215
1.601,0.200
1.603,0.200
1.604,0.215
1.606,0.208
1.607,0.208
1.608,0.208
1.610,0.208
1.611,0.208
1.613,0.215
1.614,0.208
1.615,0.192
1.617,0.200
1.618,0.208
1.619,0.200
1.621,0.200
1.622,0.200
1.624,0.200
1.625,0.200
1.626,0.208
1.628,0.208
1.629,0.215
1.631,0.223
1.632,0.223
1.633,0.215
1.635,0.223
1.636,0.223
1.637,0.215
1.639,0.215
1.640,0.208
1.642,0.200
1.643,0.200
1.644,0.208
1.646,0.208
1.647,0.208
1.649,0.223
1.650,0.223
1.651,0.215
1.653,0.238
1.654,0.238
1.656,0.231
1.657,0.238
1.658,0.246
1.660,0.223
1.661,0.238
1.663,0.246
1.664,0.223
1.665,0.223
1.667,0.231
1.668,0.223
1.669,0.215
1.671,0.231
1.672,0.231
1.674,0.223
1.675,0.231
1.676,0.238
1.678,0.238
1.679,0.238
1.681,0.262
1.682,0.262
1.683,0.269
1.685,0.269
1.686,0.277
1.688,0.269
1.689,0.269
1.690,0.277
1.692,0.277
1.693,0.285
1.694,0.262
1.696,0.262
1.697,0.277
1.699,0.269
1.700,0.262
1.701,0.254
1.703,0.254
1.704,0.254
1.706,0.254
1.707,0.269
1.708,0.262
1.710,0.269
1.711,0.277
1.712,0.262
1.714,0.277
1.715,0.277
1.717,0.277
1.718,0.285
1.719,0.300
1.721,0.308
1.722,0.300
1.724,0.292
1.725,0.300
1.726,0.308
1.728,0.308
1.729,0.308
1.731,0.292
1.732,0.308
1.733,0.300
1.735,0.300
1.736,0.300
1.738,0.292
1.739,0.285
1.740,0.277
1.742,0.277
1.743,0.285
1.744,0.292
1.746,0.292
1.747,0.285
1.749,0.292
1.750,0.300
1.751,0.300
1.753,0.300
1.754,0.308
1.756,0.300
1.757,0.292
1.758,0.300
1.760,0.300
1.761,0.292
1.762,0.292
1.764,0.292
1.765,0.277
1.767,0.292
1.768,0.292
1.769,0.292
1.771,0.269
1.772,0.285
1.774,0.277
1.775,0.269
1.776,0.269
1.778,0.262
1.779,0.254
1.781,0.246
1.782,0.262
1.783,0.262
1.785,0.246
1.786,0.246
1.788,0.238
1.789,0.238
1.790,0.238
1.792,0.231
1.793,0.231
1.794,0.238
1.796,0.231
1.797,0.223
1.799,0.238
1.800,0.238
1.801,0.231
1.803,0.223
1.804,0.231
1.806,0.223
1.807,0.215
1.808,0.215
1.810,0.208
1.811,0.200
1.812,0.200
1.814,0.208
1.815,0.208
1.817,0.208
1.818,0.215
1.819,0.208
1.821,0.208
1.822,0.208
1.824,0.208
1.825,0.215
1.826,0.223
1.828,0.231
1.829,0.231
1.831,0.238
1.832,0.238
1.833,0.238
1.835,0.246
1.836,0.246
1.837,0.231
1.839,0.246
1.840,0.246
1.842,0.231
1.843,0.238
1.844,0.254
1.846,0.238
1.847,0.246
1.849,0.246
1.850,0.246
1.851,0.246
1.853,0.254
1.854,0.262
1.856,0.262
1.857,0.262
1.858,0.269
1.860,0.285
1.861,0.300
1.863,0.315
1.864,0.331
1.865,0.346
1.867,0.362
1.868,0.377
1.869,0.392
1.871,0.415
1.872,0.431
1.874,0.446
1.875,0.477
1.876,0.500
1.878,0.508
1.879,0.531
1.881,0.562
1.882,0.569
1.883,0.562
1.885,0.562
1.886,0.562
1.887,0.562
1.889,0.554
1.890,0.554
1.892,0.538
1.893,0.523
1.894,0.500
1.896,0.477
1.897,0.469
1.899,0.431
1.900,0.400
1.901,0.385
1.903,0.385
1.904,0.377
1.906,0.377
1.907,0.369
1.908,0.354
1.910,0.346
1.911,0.346
1.913,0.346
1.914,0.346
1.915,0.338
1.917,0.346
1.918,0.338
1.919,0.331
1.921,0.338
1.922,0.338
1.924,0.331
1.925,0.323
1.926,0.331
1.928,0.331
1.929,0.323
1.931,0.331
1.932,0.323
1.933,0.292
1.935,0.292
1.936,0.292
1.938,0.285
1.939,0.269
1.940,0.262
1.942,0.246
1.943,0.254
1.944,0.246
1.946,0.238
1.947,0.246
1.949,0.254
1.950,0.238
1.951,0.231
1.953,0.246
1.954,0.238
1.956,0.238
1.957,0.238
1.958,0.238
1.960,0.231
1.961,0.231
1.962,0.215
1.964,0.223
1.965,0.215
1.967,0.215
1.968,0.215
1.969,0.223
1.971,0.215
1.972,0.208
1.974,0.223
1.975,0.223
1.976,0.223
1.978,0.223
1.979,0.223
1.981,0.215
1.982,0.215
1.983,0.223
1.985,0.223
1.986,0.215
1.988,0.215
1.989,0.223
1.990,0.215
1.992,0.223
1.993,0.223
1.994,0.215
1.996,0.208
1.997,0.208
1.999,0.208
2.000,0.192
2.001,0.200
2.003,0.208
2.004,0.192
2.006,0.192
2.007,0.200
2.008,0.223
2.010,0.215
2.011,0.215
2.013,0.223
2.014,0.215
2.015,0.215
2.017,0.215
2.018,0.215
2.019,0.215
2.021,0.215
2.022,0.231
2.024,0.231
2.025,0.223
2.026,0.215
2.028,0.223
2.029,0.215
2.031,0.200
2.032,0.192
2.033,0.200
2.035,0.200
2.036,0.200
2.038,0.192
2.039,0.200
2.040,0.200
2.042,0.200
2.043,0.185
2.044,0.200
2.046,0.200
2.047,0.200
2.049,0.192
2.050,0.192
2.051,0.208
2.053,0.200
2.054,0.185
2.056,0.185
2.057,0.185
2.058,0.185
2.060,0.169
2.061,0.162
2.062,0.162
2.064,0.169
2.065,0.177
2.067,0.162
2.068,0.169
2.069,0.169
2.071,0.162
2.072,0.154
2.074,0.154
2.075,0.162
2.076,0.169
2.078,0.169
2.079,0.169
2.081,0.177
2.082,0.169
2.083,0.162
2.085,0.169
2.086,0.177
2.087,0.162
2.089,0.169
2.090,0.169
2.092,0.162
2.093,0.162
2.094,0.162
2.096,0.162
2.097,0.154
2.099,0.162
2.100,0.154
2.101,0.154
2.103,0.162
2.104,0.154
2.106,0.154
2.107,0.162
2.108,0.162
2.110,0.154
2.111,0.162
2.112,0.162
2.114,0.146
2.115,0.146
2.117,0.154
2.118,0.146
2.119,0.131
2.121,0.138
2.122,0.131
2.124,0.123
2.125,0.115
2.126,0.131
2.128,0.123
2.129,0.123
2.131,0.115
2.132,0.108
2.133,0.100
2.135,0.100
2.136,0.092
2.138,0.100
2.139,0.092
2.140,0.100
2.142,0.092
2.143,0.092
2.144,0.077
2.146,0.069
2.147,0.069
2.149,0.069
2.150,0.069
2.151,0.069
2.153,0.085
2.154,0.077
2.156,0.077
2.157,0.069
2.158,0.085
2.160,0.092
2.161,0.092
2.163,0.092
2.164,0.100
2.165,0.092
2.167,0.108
2.168,0.115
2.169,0.123
2.171,0.131
2.172,0.138
2.174,0.131
2.175,0.123
2.176,0.131
2.178,0.131
2.179,0.123
2.181,0.123
2.182,0.123
2.183,0.131
2.185,0.154
2.186,0.146
2.188,0.154
2.189,0.162
2.190,0.162
2.192,0.154
2.193,0.162
2.194,0.162
2.196,0.162
2.197,0.154
2.199,0.169
2.200,0.169
2.201,0.177
2.203,0.185
2.204,0.177
2.206,0.177
2.207,0.185
2.208,0.192
2.210,0.192
2.211,0.200
2.212,0.200
2.214,0.192
2.215,0.200
2.217,0.208
2.218,0.215
2.219,0.215
2.221,0.215
2.222,0.215
2.224,0.223
2.225,0.208
2.226,0.215
2.228,0.215
2.229,0.200
2.231,0.200
2.232,0.215
2.233,0.215
2.235,0.208
2.236,0.208
2.237,0.215
2.239,0.215
2.240,0.215
2.242,0.223
2.243,0.231
2.244,0.223
2.246,0.215
2.247,0.215
2.249,0.215
2.250,0.215
2.251,0.215
2.253,0.215
2.254,0.208
2.256,0.215
2.257,0.208
2.258,0.185
2.260,0.192
2.261,0.200
2.263,0.208
2.264,0.208
2.265,0.208
2.267,0.208
2.268,0.215
2.269,0.215
2.271,0.208
2.272,0.208
2.274,0.215
2.275,0.208
2.276,0.215
2.278,0.231
2.279,0.223
2.281,0.223
2.282,0.231
2.283,0.223
2.285,0.215
2.286,0.223
2.288,0.208
2.289,0.208
2.290,0.208
2.292,0.208
2.293,0.200
2.294,0.208
2.296,0.215
2.297,0.200
2.299,0.208
2.300,0.200
2.301,0.200
2.303,0.208
2.304,0.215
2.306,0.215
2.307,0.215
2.308,0.215
2.310,0.223
2.311,0.223
2.312,0.223
2.314,0.215
2.315,0.215
2.317,0.215
2.318,0.208
2.319,0.200
2.321,0.200
2.322,0.200
2.324,0.208
2.325,0.215
2.326,0.223
2.328,0.223
2.329,0.223
2.331,0.215
2.332,0.215
2.333,0.231
2.335,0.231
2.336,0.223
2.337,0.231
2.339,0.238
2.340,0.223
2.342,0.223
2.343,0.223
2.344,0.223
2.346,0.215
2.347,0.215
2.349,0.215
2.350,0.215
2.351,0.200
2.353,0.200
2.354,0.208
2.356,0.208
2.357,0.208
2.358,0.208
2.360,0.192
2.361,0.200
2.362,0.208
2.364,0.200
2.365,0.200
2.367,0.208
2.368,0.208
2.369,0.200
2.371,0.208
2.372,0.208
2.374,0.208
2.375,0.208
2.376,0.208
2.378,0.208
2.379,0.223
2.381,0.231
2.382,0.238
2.383,0.254
2.385,0.269
2.386,0.277
2.388,0.285
2.389,0.308
2.390,0.315
2.392,0.315
2.393,0.315
2.394,0.323
2.396,0.323
2.397,0.331
2.399,0.338
2.400,0.338
2.401,0.331
2.403,0.315
2.404,0.285
2.406,0.269
2.407,0.238
2.408,0.215
2.410,0.200
2.411,0.177
2.413,0.131
2.414,0.085
2.415,0.046
2.417,0.015
2.418,-0.031
2.419,-0.062
2.421,-0.115
2.422,-0.169
2.424,-0.223
2.425,-0.285
2.426,-0.346
2.428,-0.408
2.429,-0.477
2.431,-0.515
2.432,-0.523
2.433,-0.492
2.435,-0.477
2.436,-0.477
2.438,-0.462
2.439,-0.446
2.440,-0.438
2.442,-0.423
2.443,-0.377
2.444,-0.346
2.446,-0.331
2.447,-0.308
2.449,-0.277
2.450,-0.262
2.451,-0.223
2.453,-0.169
2.454,-0.123
2.456,-0.085
2.457,-0.031
2.458,0.008
2.460,0.054
2.461,0.092
2.462,0.108
2.464,0.100
2.465,0.115
2.467,0.131
2.468,0.138
2.469,0.162
2.471,0.177
2.472,0.177
2.474,0.185
2.475,0.192
2.476,0.200
2.478,0.208
2.479,0.215
2.481,0.231
2.482,0.223
2.483,0.231
2.485,0.231
2.486,0.231
2.487,0.238
2.489,0.231
2.490,0.223
2.492,0.231
2.493,0.238
2.494,0.231
2.496,0.238
2.497,0.254
2.499,0.246
2.500,0.246
2.501,0.254
2.503,0.254
2.504,0.246
2.506,0.254
2.507,0.254
2.508,0.254
2.510,0.254
2.511,0.246
2.513,0.254
2.514,0.246
2.515,0.254
2.517,0.269
2.518,0.262
2.519,0.269
2.521,0.277
2.522,0.269
2.524,0.269
2.525,0.262
2.526,0.262
2.528,0.262
2.529,0.262
2.531,0.269
2.532,0.269
2.533,0.269
2.535,0.277
2.536,0.277
2.538,0.277
2.539,0.277
2.540,0.277
2.542,0.285
2.543,0.277
2.544,0.285
2.546,0.292
2.547,0.285
2.549,0.277
2.550,0.292
2.551,0.300
2.553,0.308
2.554,0.308
2.556,0.300
2.557,0.300
2.558,0.308
2.560,0.308
2.561,0.300
2.562,0.300
2.564,0.300
2.565,0.300
2.567,0.300
2.568,0.308
2.569,0.308
2.571,0.315
2.572,0.308
2.574,0.292
2.575,0.292
2.576,0.300
2.578,0.300
2.579,0.300
2.581,0.300
2.582,0.292
2.583,0.300
2.585,0.315
2.586,0.331
2.587,0.331
2.589,0.331
2.590,0.323
2.592,0.338
2.593,0.331
2.594,0.331
2.596,0.331
2.597,0.315
2.599,0.315
2.600,0.315
2.601,0.323
2.603,0.315
2.604,0.315
2.606,0.323
2.607,0.331
2.608,0.338
2.610,0.331
2.611,0.323
2.612,0.338
2.614,0.354
2.615,0.354
2.617,0.354
2.618,0.369
2.619,0.385
2.621,0.377
2.622,0.377
2.624,0.385
2.625,0.385
2.626,0.392
2.628,0.400
2.629,0.415
2.631,0.408
2.632,0.408
2.633,0.400
2.635,0.408
2.636,0.423
2.638,0.415
2.639,0.408
2.640,0.415
2.642,0.431
2.643,0.423
2.644,0.438
2.646,0.431
2.647,0.431
2.649,0.454
2.650,0.469
2.651,0.462
2.653,0.454
2.654,0.469
2.656,0.454
2.657,0.454
2.658,0.469
2.660,0.462
2.661,0.454
2.663,0.462
2.664,0.469
2.665,0.477
2.667,0.462
2.668,0.469
2.669,0.477
2.671,0.477
2.672,0.469
2.674,0.469
2.675,0.462
2.676,0.469
2.678,0.469
2.679,0.462
2.681,0.438
2.682,0.454
2.683,0.454
2.685,0.438
2.686,0.446
2.688,0.446
2.689,0.446
2.690,0.446
2.692,0.431
2.693,0.431
2.694,0.423
2.696,0.415
2.697,0.408
2.699,0.408
2.700,0.392
2.701,0.392
2.703,0.392
2.704,0.385
2.706,0.377
2.707,0.385
2.708,0.385
2.710,0.377
2.711,0.362
2.712,0.369
2.714,0.354
2.715,0.354
2.717,0.346
2.718,0.338
2.719,0.338
2.721,0.338
2.722,0.331
2.724,0.315
2.725,0.323
2.726,0.315
2.728,0.315
2.729,0.292
2.731,0.285
2.732,0.292
2.733,0.285
2.735,0.269
2.736,0.269
2.737,0.269
2.739,0.262
2.740,0.254
2.742,0.262
2.743,0.269
2.744,0.254
2.746,0.254
2.747,0.262
2.749,0.254
2.750,0.246
2.751,0.238
2.753,0.238
2.754,0.238
2.756,0.238
2.757,0.231
2.758,0.231
2.760,0.238
2.761,0.238
2.763,0.231
2.764,0.223
2.765,0.231
2.767,0.215
2.768,0.215
2.769,0.223
2.771,0.223
2.772,0.223
2.774,0.223
2.775,0.223
2.776,0.223
2.778,0.223
2.779,0.223
2.781,0.231
2.782,0.223
2.783,0.223
2.785,0.223
2.786,0.208
2.788,0.208
2.789,0.208
2.790,0.200
2.792,0.208
2.793,0.200
2.794,0.200
2.796,0.192
2.797,0.200
2.799,0.200
2.800,0.200
2.801,0.208
2.803,0.208
2.804,0.208
2.806,0.208
2.807,0.200
2.808,0.200
2.810,0.200
2.811,0.192
2.812,0.192
2.814,0.192
2.815,0.185
2.817,0.200
2.818,0.200
2.819,0.208
2.821,0.200
2.822,0.200
2.824,0.208
2.825,0.200
2.826,0.200
2.828,0.200
2.829,0.192
2.831,0.200
2.832,0.200
2.833,0.200
2.835,0.200
2.836,0.192
2.837,0.192
2.839,0.200
2.840,0.200
2.842,0.185
2.843,0.185
2.844,0.192
2.846,0.192
2.847,0.192
2.849,0.192
2.850,0.192
2.851,0.192
2.853,0.200
2.854,0.200
2.856,0.208
2.857,0.208
2.858,0.215
2.860,0.208
2.861,0.215
2.862,0.215
2.864,0.208
2.865,0.208
2.867,0.208
2.868,0.208
2.869,0.200
2.871,0.192
2.872,0.192
2.874,0.192
2.875,0.192
2.876,0.185
2.878,0.185
2.879,0.177
2.881,0.177
2.882,0.192
2.883,0.192
2.885,0.185
2.886,0.192
2.888,0.192
2.889,0.200
2.890,0.185
2.892,0.192
2.893,0.200
2.894,0.192
2.896,0.192
2.897,0.200
2.899,0.192
2.900,0.185
2.901,0.192
2.903,0.192
2.904,0.192
2.906,0.185
2.907,0.192
2.908,0.185
2.910,0.177
2.911,0.192
2.913,0.185
2.914,0.185
2.915,0.185
2.917,0.185
2.918,0.185
2.919,0.185
2.921,0.185
2.922,0.185
2.924,0.185
2.925,0.192
2.926,0.185
2.928,0.169
2.929,0.177
2.931,0.185
2.932,0.192
2.933,0.192
2.935,0.177
2.936,0.169
2.938,0.162
2.939,0.162
2.940,0.162
2.942,0.162
2.943,0.169
2.944,0.177
2.946,0.177
2.947,0.177
2.949,0.185
2.950,0.185
2.951,0.192
2.953,0.185
2.954,0.192
2.956,0.177
2.957,0.177
2.958,0.185
2.960,0.185
2.961,0.185
2.962,0.185
2.964,0.177
2.965,0.185
2.967,0.185
2.968,0.192
2.969,0.185
2.971,0.185
2.972,0.200
2.974,0.200
2.975,0.200
2.976,0.192
2.978,0.192
2.979,0.192
2.981,0.192
2.982,0.192
2.983,0.185
2.985,0.185
2.986,0.185
2.987,0.185
2.989,0.185
2.990,0.177
2.992,0.185
2.993,0.177
2.994,0.185
2.996,0.185
2.997,0.177
2.999,0.177
3.000,0.177
3.001,0.185
3.003,0.192
3.004,0.192
3.006,0.185
3.007,0.192
3.008,0.200
3.010,0.200
3.011,0.200
3.013,0.200
3.014,0.192
3.015,0.200
3.017,0.215
3.018,0.208
3.019,0.192
3.021,0.192
3.022,0.192
3.024,0.200
3.025,0.200
3.026,0.185
3.028,0.192
3.029,0.192
3.031,0.200
3.032,0.192
3.033,0.200
3.035,0.200
3.036,0.200
3.038,0.215
3.039,0.200
3.040,0.208
3.042,0.200
3.043,0.208
3.044,0.208
3.046,0.208
3.047,0.200
3.049,0.200
3.050,0.200
3.051,0.215
3.053,0.208
3.054,0.200
3.056,0.208
3.057,0.200
3.058,0.200
3.060,0.200
3.061,0.200
3.062,0.208
3.064,0.208
3.065,0.200
3.067,0.208
3.068,0.200
3.069,0.208
3.071,0.208
3.072,0.200
3.074,0.192
3.075,0.192
3.076,0.200
3.078,0.200
3.079,0.208
3.081,0.215
3.082,0.215
3.083,0.208
3.085,0.192
3.086,0.208
3.087,0.215
3.089,0.215
3.090,0.208
3.092,0.215
3.093,0.215
3.094,0.215
3.096,0.215
3.097,0.215
3.099,0.223
3.100,0.215
3.101,0.215
3.103,0.215
3.104,0.223
3.106,0.223
3.107,0.215
3.108,0.215
3.110,0.215
3.111,0.223
3.112,0.215
3.114,0.215
3.115,0.215
3.117,0.208
3.118,0.215
3.119,0.223
3.121,0.223
3.122,0.223
3.124,0.215
3.125,0.223
3.126,0.231
3.128,0.223
3.129,0.215
3.131,0.215
3.132,0.223
3.133,0.215
3.135,0.215
3.136,0.215
3.138,0.208
3.139,0.200
3.140,0.208
3.142,0.215
3.143,0.215
3.144,0.215
3.146,0.215
3.147,0.223
3.149,0.231
3.150,0.231
3.151,0.231
3.153,0.238
3.154,0.238
3.156,0.238
3.157,0.231
3.158,0.223
3.160,0.231
3.161,0.231
3.163,0.223
3.164,0.223
3.165,0.223
3.167,0.208
3.168,0.223
3.169,0.223
3.171,0.231
3.172,0.246
3.174,0.246
3.175,0.246
3.176,0.254
3.178,0.262
3.179,0.262
3.181,0.262
3.182,0.269
3.183,0.285
3.185,0.285
3.186,0.285
3.188,0.277
3.189,0.277
3.190,0.285
3.192,0.285
3.193,0.285
3.194,0.277
3.196,0.269
3.197,0.254
3.199,0.254
3.200,0.262
3.201,0.262
3.203,0.277
3.204,0.285
3.206,0.277
3.207,0.277
3.208,0.285
3.210,0.292
3.211,0.292
3.212,0.300
3.214,0.300
3.215,0.300
3.217,0.292
3.218,0.292
3.219,0.292
3.221,0.308
3.222,0.308
3.224,0.308
3.225,0.308
3.226,0.308
3.228,0.308
3.229,0.315
3.231,0.308
3.232,0.300
3.233,0.315
3.235,0.315
3.236,0.308
3.237,0.300
3.239,0.300
3.240,0.308
3.242,0.300
3.243,0.308
3.244,0.308
3.246,0.308
3.247,0.308
3.249,0.315
3.250,0.315
3.251,0.308
3.253,0.315
3.254,0.308
3.256,0.308
3.257,0.315
3.258,0.315
3.260,0.300
3.261,0.292
3.263,0.300
3.264,0.308
3.265,0.292
3.267,0.292
3.268,0.292
3.269,0.292
3.271,0.285
3.272,0.277
3.274,0.269
3.275,0.277
3.276,0.285
3.278,0.269
3.279,0.269
3.281,0.269
3.282,0.269
3.283,0.262
3.285,0.254
3.286,0.254
3.288,0.246
3.289,0.246
3.290,0.246
3.292,0.231
3.293,0.231
3.294,0.246
3.296,0.231
3.297,0.215
3.299,0.223
3.300,0.231
3.301,0.208
3.303,0.200
3.304,0.215
3.306,0.208
3.307,0.200
3.308,0.208
3.310,0.208
3.311,0.200
3.312,0.200
3.314,0.200
3.315,0.192
3.317,0.200
3.318,0.200
3.319,0.192
3.321,0.200
3.322,0.208
3.324,0.200
3.325,0.215
3.326,0.223
3.328,0.215
3.329,0.223
3.331,0.223
3.332,0.215
3.333,0.231
3.335,0.238
3.336,0.231
3.337,0.223
3.339,0.238
3.340,0.246
3.342,0.238
3.343,0.246
3.344,0.246
3.346,0.254
3.347,0.246
3.349,0.254
3.350,0.246
3.351,0.254
3.353,0.269
3.354,0.285
3.356,0.292
3.357,0.308
3.358,0.323
3.360,0.331
3.361,0.338
3.362,0.369
3.364,0.385
3.365,0.400
3.367,0.423
3.368,0.454
3.369,0.462
3.371,0.469
3.372,0.508
3.374,0.523
3.375,0.554
3.376,0.562
3.378,0.577
3.379,0.585
3.381,0.577
3.382,0.562
3.383,0.562
3.385,0.562
3.386,0.554
3.388,0.546
3.389,0.538
3.390,0.508
3.392,0.477
3.393,0.469
3.394,0.446
3.396,0.415
3.397,0.392
3.399,0.385
3.400,0.392
3.401,0.392
3.403,0.385
3.404,0.362
3.406,0.362
3.407,0.362
3.408,0.354
3.410,0.346
3.411,0.346
3.413,0.346
3.414,0.331
3.415,0.331
3.417,0.331
3.418,0.323
3.419,0.323
3.421,0.331
3.422,0.315
3.424,0.315
3.425,0.323
3.426,0.315
3.428,0.300
3.429,0.285
3.431,0.285
3.432,0.269
3.433,0.269
3.435,0.269
3.436,0.254
3.438,0.246
3.439,0.254
3.440,0.246
3.442,0.246
3.443,0.246
3.444,0.246
3.446,0.231
3.447,0.231
3.449,0.238
3.450,0.223
3.451,0.231
3.453,0.223
3.454,0.215
3.456,0.208
3.457,0.223
3.458,0.215
3.460,0.208
3.461,0.215
3.462,0.215
3.464,0.200
3.465,0.215
3.467,0.215
3.468,0.215
3.469,0.215
3.471,0.215
3.472,0.208
3.474,0.223
3.475,0.231
3.476,0.223
3.478,0.215
3.479,0.223
3.481,0.223
3.482,0.215
3.483,0.215
3.485,0.223
3.486,0.215
3.487,0.223
3.489,0.215
3.490,0.215
3.492,0.223
3.493,0.215
3.494,0.215
3.496,0.208
3.497,0.208
3.499,0.223
3.500,0.215
3.501,0.215
3.503,0.223
3.504,0.215
3.506,0.215
3.507,0.223
3.508,0.223
3.510,0.223
3.511,0.231
3.513,0.215
3.514,0.223
3.515,0.231
3.517,0.223
3.518,0.215
3.519,0.215
3.521,0.223
3.522,0.208
3.524,0.208
3.525,0.215
3.526,0.208
3.528,0.200
3.529,0.200
3.531,0.200
3.532,0.208
3.533,0.208
3.535,0.200
3.536,0.208
3.538,0.215
3.539,0.208
3.540,0.215
3.542,0.215
3.543,0.208
3.544,0.200
3.546,0.208
3.547,0.200
3.549,0.192
3.550,0.200
3.551,0.192
3.553,0.169
3.554,0.169
3.556,0.162
3.557,0.169
3.558,0.162
3.560,0.169
3.561,0.177
3.562,0.154
3.564,0.162
3.565,0.177
3.567,0.169
3.568,0.169
3.569,0.162
3.571,0.162
3.572,0.162
3.574,0.162
3.575,0.162
3.576,0.162
3.578,0.162
3.579,0.162
3.581,0.162
3.582,0.162
3.583,0.162
3.585,0.162
3.586,0.169
3.587,0.146
3.589,0.146
3.590,0.154
3.592,0.154
3.593,0.146
3.594,0.146
3.596,0.146
3.597,0.154
3.599,0.146
3.600,0.154
3.601,0.169
3.603,0.162
3.604,0.154
3.606,0.154
3.607,0.169
3.608,0.154
3.610,0.154
3.611,0.154
3.612,0.154
3.614,0.146
3.615,0.146
3.617,0.138
3.618,0.131
3.619,0.123
3.621,0.115
3.622,0.123
3.624,0.131
3.625,0.131
3.626,0.123
3.628,0.115
3.629,0.115
3.631,0.108
3.632,0.100
3.633,0.100
3.635,0.092
3.636,0.100
3.638,0.100
3.639,0.100
3.640,0.085
3.642,0.085
3.643,0.077
3.644,0.077
3.646,0.077
3.647,0.077
3.649,0.085
3.650,0.092
3.651,0.085
3.653,0.092
3.654,0.100
3.656,0.100
3.657,0.108
3.658,0.123
3.660,0.115
3.661,0.108
3.663,0.115
3.664,0.115
3.665,0.115
3.667,0.123
3.668,0.123
3.669,0.131
3.671,0.138
3.672,0.131
3.674,0.115
3.675,0.115
3.676,0.123
3.678,0.115
3.679,0.123
3.681,0.131
3.682,0.123
3.683,0.138
3.685,0.146
3.686,0.146
3.688,0.146
3.689,0.138
3.690,0.146
3.692,0.146
3.693,0.162
3.694,0.154
3.696,0.154
3.697,0.162
3.699,0.162
3.700,0.162
3.701,0.177
3.703,0.177
3.704,0.162
3.706,0.177
3.707,0.169
3.708,0.162
3.710,0.162
3.711,0.185
3.712,0.177
3.714,0.177
3.715,0.192
3.717,0.200
3.718,0.192
3.719,0.200
3.721,0.192
3.722,0.192
3.724,0.208
3.725,0.200
3.726,0.192
3.728,0.208
3.729,0.215
3.731,0.215
3.732,0.223
3.733,0.223
3.735,0.231
3.736,0.231
3.737,0.238
3.739,0.238
3.740,0.238
3.742,0.231
3.743,0.223
3.744,0.223
3.746,0.223
3.747,0.215
3.749,0.231
3.750,0.223
3.751,0.208
3.753,0.223
3.754,0.223
3.756,0.200
3.757,0.215
3.758,0.223
3.760,0.215
3.761,0.223
3.763,0.223
3.764,0.223
3.765,0.223
3.767,0.231
3.768,0.223
3.769,0.223
3.771,0.231
3.772,0.231
3.774,0.231
3.775,0.238
3.776,0.231
3.778,0.238
3.779,0.238
3.781,0.231
3.782,0.223
3.783,0.223
3.785,0.215
3.786,0.223
3.788,0.215
3.789,0.208
3.790,0.215
3.792,0.215
3.793,0.208
3.794,0.223
3.796,0.231
3.797,0.215
3.799,0.215
3.800,0.231
3.801,0.231
3.803,0.238
3.804,0.254
3.806,0.254
3.807,0.246
3.808,0.231
3.810,0.231
3.811,0.223
3.812,0.231
3.814,0.231
3.815,0.231
3.817,0.215
3.818,0.215
3.819,0.231
3.821,0.231
3.822,0.238
3.824,0.223
3.825,0.223
3.826,0.231
3.828,0.231
3.829,0.238
3.831,0.246
3.832,0.238
3.833,0.231
3.835,0.238
3.836,0.254
3.837,0.231
3.839,0.238
3.840,0.254
3.842,0.246
3.843,0.238
3.844,0.231
3.846,0.223
3.847,0.215
3.849,0.215
3.850,0.215
3.851,0.215
3.853,0.208
3.854,0.215
3.856,0.200
3.857,0.200
3.858,0.192
3.860,0.185
3.861,0.192
3.862,0.208
3.864,0.215
3.865,0.215
3.867,0.215
3.868,0.215
3.869,0.208
3.871,0.215
3.872,0.223
3.874,0.215
3.875,0.231
3.876,0.238
3.878,0.231
3.879,0.246
3.881,0.262
3.882,0.277
3.883,0.292
3.885,0.315
3.886,0.331
3.888,0.331
3.889,0.331
3.890,0.338
3.892,0.338
3.893,0.346
3.894,0.354
3.896,0.346
3.897,0.346
3.899,0.323
3.900,0.308
3.901,0.285
3.903,0.262
3.904,0.231
3.906,0.208
3.907,0.185
3.908,0.154
3.910,0.100
3.911,0.069
3.913,0.038
3.914,-0.015
3.915,-0.054
3.917,-0.092
3.918,-0.138
3.919,-0.200
3.921,-0.277
3.922,-0.323
3.924,-0.385
3.925,-0.462
3.926,-0.500
3.928,-0.515
3.929,-0.492
3.931,-0.485
3.932,-0.469
3.933,-0.462
3.935,-0.438
3.936,-0.438
3.938,-0.423
3.939,-0.392
3.940,-0.362
3.942,-0.338
3.943,-0.315
3.944,-0.292
3.946,-0.262
3.947,-0.223
3.949,-0.177
3.950,-0.131
3.951,-0.077
3.953,-0.046
3.954,0.000
3.956,0.054
3.957,0.092
3.958,0.108
3.960,0.108
3.961,0.123
3.962,0.138
3.964,0.131
3.965,0.146
3.967,0.177
3.968,0.177
3.969,0.177
3.971,0.192
3.972,0.208
3.974,0.200
3.975,0.208
3.976,0.215
3.978,0.215
3.979,0.208
3.981,0.215
3.982,0.223
3.983,0.223
3.985,0.231
3.986,0.231
3.987,0.231
3.989,0.231
3.990,0.238
3.992,0.231
3.993,0.238
3.994,0.246
3.996,0.238
3.997,0.231
3.999,0.246
4.000,0.238
4.001,0.246
4.003,0.246
4.004,0.254
4.006,0.262
4.007,0.246
4.008,0.238
4.010,0.246
4.011,0.246
4.013,0.238
4.014,0.246
4.015,0.262
4.017,0.269
4.018,0.269
4.019,0.277
4.021,0.269
4.022,0.262
4.024,0.262
4.025,0.262
4.026,0.254
4.028,0.269
4.029,0.269
4.031,0.269
4.032,0.269
4.033,0.262
4.035,0.254
4.036,0.254
4.037,0.262
4.039,0.277
4.040,0.269
4.042,0.277
4.043,0.277
4.044,0.277
4.046,0.285
4.047,0.292
4.049,0.285
4.050,0.285
4.051,0.300
4.053,0.292
4.054,0.277
4.056,0.292
4.057,0.308
4.058,0.300
4.060,0.292
4.061,0.292
4.062,0.292
4.064,0.292
4.065,0.300
4.067,0.308
4.068,0.300
4.069,0.292
4.071,0.292
4.072,0.292
4.074,0.300
4.075,0.315
4.076,0.308
4.078,0.315
4.079,0.315
4.081,0.323
4.082,0.331
4.083,0.354
4.085,0.354
4.086,0.338
4.088,0.346
4.089,0.354
4.090,0.338
4.092,0.346
4.093,0.331
4.094,0.323
4.096,0.331
4.097,0.346
4.099,0.338
4.100,0.331
4.101,0.338
4.103,0.354
4.104,0.338
4.106,0.346
4.107,0.346
4.108,0.354
4.110,0.362
4.111,0.369
4.112,0.369
4.114,0.369
4.115,0.392
4.117,0.400
4.118,0.392
4.119,0.392
4.121,0.400
4.122,0.400
4.124,0.408
4.125,0.408
4.126,0.408
4.128,0.408
4.129,0.408
4.131,0.408
4.132,0.408
4.133,0.415
4.135,0.415
4.136,0.408
4.138,0.408
4.139,0.423
4.140,0.431
4.142,0.438
4.143,0.446
4.144,0.454
4.146,0.454
4.147,0.454
4.149,0.446
4.150,0.469
4.151,0.469
4.153,0.454
4.154,0.454
4.156,0.469
4.157,0.462
4.158,0.454
4.160,0.462
4.161,0.462
4.162,0.462
4.164,0.469
4.165,0.477
4.167,0.469
4.168,0.469
4.169,0.477
4.171,0.454
4.172,0.454
4.174,0.462
4.175,0.454
4.176,0.454
4.178,0.462
4.179,0.454
4.181,0.454
4.182,0.454
4.183,0.446
4.185,0.454
4.186,0.454
4.188,0.446
4.189,0.431
4.190,0.431
4.192,0.423
4.193,0.423
4.194,0.408
4.196,0.415
4.197,0.408
4.199,0.408
4.200,0.400
4.201,0.392
4.203,0.392
4.204,0.392
4.206,0.377
4.207,0.377
4.208,0.377
4.210,0.369
4.211,0.354
4.213,0.354
4.214,0.354
4.215,0.346
4.217,0.354
4.218,0.346
4.219,0.331
4.221,0.323
4.222,0.338
4.224,0.323
4.225,0.315
4.226,0.308
4.228,0.300
4.229,0.285
4.231,0.300
4.232,0.300
4.233,0.269
4.235,0.269
4.236,0.269
4.237,0.269
4.239,0.269
4.240,0.262
4.242,0.262
4.243,0.262
4.244,0.246
4.246,0.231
4.247,0.231
4.249,0.246
4.250,0.246
4.251,0.238
4.253,0.223
4.254,0.223
4.256,0.223
4.257,0.231
4.258,0.231
4.260,0.223
4.261,0.223
4.263,0.231
4.264,0.223
4.265,0.215
4.267,0.215
4.268,0.223
4.269,0.215
4.271,0.215
4.272,0.215
4.274,0.215
4.275,0.223
4.276,0.223
4.278,0.223
4.279,0.223
4.281,0.215
4.282,0.200
4.283,0.215
4.285,0.208
4.286,0.215
4.287,0.215
4.289,0.208
4.290,0.208
4.292,0.215
4.293,0.215
4.294,0.200
4.296,0.200
4.297,0.215
4.299,0.208
4.300,0.200
4.301,0.208
4.303,0.192
4.304,0.200
4.306,0.208
4.307,0.208
4.308,0.208
4.310,0.215
4.311,0.215
4.312,0.215
4.314,0.208
4.315,0.208
4.317,0.208
4.318,0.208
4.319,0.208
4.321,0.200
4.322,0.208
4.324,0.208
4.325,0.200
4.326,0.200
4.328,0.200
4.329,0.200
4.331,0.192
4.332,0.185
4.333,0.192
4.335,0.185
4.336,0.177
4.338,0.169
4.339,0.177
4.340,0.185
4.342,0.185
4.343,0.177
4.344,0.177
4.346,0.185
4.347,0.185
4.349,0.192
4.350,0.192
4.351,0.177
4.353,0.200
4.354,0.208
4.356,0.223
4.357,0.215
4.358,0.223
4.360,0.215
4.361,0.208
4.362,0.208
4.364,0.208
4.365,0.200
4.367,0.208
4.368,0.192
4.369,0.192
4.371,0.192
4.372,0.192
4.374,0.192
4.375,0.185
4.376,0.185
4.378,0.169
4.379,0.177
4.381,0.185
4.382,0.192
4.383,0.200
4.385,0.208
4.386,0.208
4.388,0.215
4.389,0.208
4.390,0.192
4.392,0.192
4.393,0.200
4.394,0.192
4.396,0.192
4.397,0.192
4.399,0.192
4.400,0.192
4.401,0.192
4.403,0.200
4.404,0.208
4.406,0.208
4.407,0.192
4.408,0.192
4.410,0.208
4.411,0.200
4.412,0.192
4.414,0.208
4.415,0.200
4.417,0.208
4.418,0.208
4.419,0.208
4.421,0.200
4.422,0.200
4.424,0.208
4.425,0.208
4.426,0.200
4.428,0.200
4.429,0.192
4.431,0.185
4.432,0.185
4.433,0.169
4.435,0.169
4.436,0.162
4.438,0.169
4.439,0.169
4.440,0.169
4.442,0.177
4.443,0.169
4.444,0.185
4.446,0.200
4.447,0.192
4.449,0.192
4.450,0.185
4.451,0.185
4.453,0.192
4.454,0.192
4.456,0.185
4.457,0.192
4.458,0.192
4.460,0.192
4.461,0.192
4.463,0.185
4.464,0.192
4.465,0.192
4.467,0.185
4.468,0.192
4.469,0.215
4.471,0.208
4.472,0.200
4.474,0.208
4.475,0.200
4.476,0.200
4.478,0.215
4.479,0.208
4.481,0.192
4.482,0.200
4.483,0.200
4.485,0.185
4.486,0.185
4.487,0.185
4.489,0.192
4.490,0.185
4.492,0.177
4.493,0.185
4.494,0.185
4.496,0.192
4.497,0.192
4.499,0.200
4.500,0.208
4.501,0.215
4.503,0.223
4.504,0.223
4.506,0.215
4.507,0.223
4.508,0.231
4.510,0.215
4.511,0.215
4.513,0.215
4.514,0.215
4.515,0.215
4.517,0.215
4.518,0.215
4.519,0.223
4.521,0.208
4.522,0.200
4.524,0.208
4.525,0.208
4.526,0.215
4.528,0.208
4.529,0.208
4.531,0.200
4.532,0.208
4.533,0.223
4.535,0.215
4.536,0.208
4.537,0.208
4.539,0.215
4.540,0.223
4.542,0.215
4.543,0.215
4.544,0.215
4.546,0.208
4.547,0.215
4.549,0.215
4.550,0.215
4.551,0.208
4.553,0.208
4.554,0.208
4.556,0.208
4.557,0.208
4.558,0.200
4.560,0.192
4.561,0.200
4.562,0.200
4.564,0.200
4.565,0.200
4.567,0.208
4.568,0.200
4.569,0.192
4.571,0.192
4.572,0.208
4.574,0.208
4.575,0.200
4.576,0.192
4.578,0.200
4.579,0.215
4.581,0.200
4.582,0.215
4.583,0.208
4.585,0.200
4.586,0.208
4.588,0.208
4.589,0.192
4.590,0.200
4.592,0.200
4.593,0.208
4.594,0.208
4.596,0.200
4.597,0.200
4.599,0.200
4.600,0.200
4.601,0.208
4.603,0.215
4.604,0.208
4.606,0.200
4.607,0.200
4.608,0.215
4.610,0.215
4.611,0.208
4.612,0.208
4.614,0.215
4.615,0.223
4.617,0.238
4.618,0.223
4.619,0.223
4.621,0.223
4.622,0.231
4.624,0.238
4.625,0.238
4.626,0.238
4.628,0.231
4.629,0.223
4.631,0.223
4.632,0.223
4.633,0.215
4.635,0.215
4.636,0.223
4.638,0.223
4.639,0.215
4.640,0.215
4.642,0.223
4.643,0.223
4.644,0.223
4.646,0.223
4.647,0.231
4.649,0.238
4.650,0.238
4.651,0.238
4.653,0.231
4.654,0.223
4.656,0.231
4.657,0.231
4.658,0.223
4.660,0.231
4.661,0.215
4.662,0.208
4.664,0.208
4.665,0.208
4.667,0.215
4.668,0.215
4.669,0.223
4.671,0.231
4.672,0.231
4.674,0.254
4.675,0.262
4.676,0.262
4.678,0.269
4.679,0.269
4.681,0.269
4.682,0.269
4.683,0.269
4.685,0.269
4.686,0.269
4.688,0.269
4.689,0.269
4.690,0.269
4.692,0.269
4.693,0.254
4.694,0.246
4.696,0.246
4.697,0.262
4.699,0.262
4.700,0.269
4.701,0.277
4.703,0.285
4.704,0.285
4.706,0.285
4.707,0.292
4.708,0.292
4.710,0.292
4.711,0.292
4.713,0.315
4.714,0.308
4.715,0.308
4.717,0.315
4.718,0.315
4.719,0.315
4.721,0.323
4.722,0.331
4.724,0.323
4.725,0.308
4.726,0.308
4.728,0.308
4.729,0.315
4.731,0.300
4.732,0.308
4.733,0.300
4.735,0.300
4.736,0.315
4.737,0.315
4.739,0.323
4.740,0.315
4.742,0.308
4.743,0.315
4.744,0.315
4.746,0.323
4.747,0.331
4.749,0.323
4.750,0.323
4.751,0.323
4.753,0.315
4.754,0.308
4.756,0.300
4.757,0.300
4.758,0.300
4.760,0.300
4.761,0.300
4.763,0.292
4.764,0.292
4.765,0.285
4.767,0.277
4.768,0.285
4.769,0.277
4.771,0.277
4.772,0.277
4.774,0.269
4.775,0.262
4.776,0.262
4.778,0.254
4.779,0.262
4.781,0.254
4.782,0.254
4.783,0.246
4.785,0.238
4.786,0.231
4.787,0.231
4.789,0.231
4.790,0.215
4.792,0.223
4.793,0.223
4.794,0.215
4.796,0.215
4.797,0.215
4.799,0.208
4.800,0.200
4.801,0.215
4.803,0.200
4.804,0.200
4.806,0.200
4.807,0.208
4.808,0.192
4.810,0.200
4.811,0.200
4.812,0.185
4.814,0.192
4.815,0.192
4.817,0.192
4.818,0.200
4.819,0.200
4.821,0.200
4.822,0.208
4.824,0.215
4.825,0.215
4.826,0.215
4.828,0.215
4.829,0.223
4.831,0.223
4.832,0.231
4.833,0.231
4.835,0.223
4.836,0.238
4.838,0.231
4.839,0.231
4.840,0.238
4.842,0.246
4.843,0.246
4.844,0.246
4.846,0.254
4.847,0.269
4.849,0.277
4.850,0.277
4.851,0.285
4.853,0.300
4.854,0.315
4.856,0.331
4.857,0.346
4.858,0.354
4.860,0.385
4.861,0.400
4.862,0.400
4.864,0.438
4.865,0.454
4.867,0.469
4.868,0.500
4.869,0.531
4.871,0.538
4.872,0.562
4.874,0.585
4.875,0.577
4.876,0.562
4.878,0.562
4.879,0.562
4.881,0.562
4.882,0.554
4.883,0.554
4.885,0.531
4.886,0.492
4.888,0.469
4.889,0.462
4.890,0.446
4.892,0.408
4.893,0.392
4.894,0.385
4.896,0.377
4.897,0.369
4.899,0.369
4.900,0.354
4.901,0.346
4.903,0.346
4.904,0.346
4.906,0.346
4.907,0.331
4.908,0.338
4.910,0.331
4.911,0.331
4.912,0.315
4.914,0.315
4.915,0.323
4.917,0.323
4.918,0.315
4.919,0.308
4.921,0.308
4.922,0.308
4.924,0.300
4.925,0.292
4.926,0.277
4.928,0.277
4.929,0.269
4.931,0.262
4.932,0.254
4.933,0.238
4.935,0.246
4.936,0.231
4.938,0.215
4.939,0.223
4.940,0.231
4.942,0.223
4.943,0.215
4.944,0.215
4.946,0.215
4.947,0.223
4.949,0.215
4.950,0.215
4.951,0.215
4.953,0.215
4.954,0.208
4.956,0.215
4.957,0.223
4.958,0.208
4.960,0.208
4.961,0.223
4.963,0.231
4.964,0.223
4.965,0.238
4.967,0.238
4.968,0.231
4.969,0.231
4.971,0.238
4.972,0.231
4.974,0.238
4.975,0.231
4.976,0.231
4.978,0.231
4.979,0.238
4.981,0.231
4.982,0.238
4.983,0.223
4.985,0.231
4.986,0.223
4.987,0.223
4.989,0.223
4.990,0.223
4.992,0.231
4.993,0.223
4.994,0.208
4.996,0.215
4.997,0.231
4.999,0.215
5.000,0.215
5.001,0.238
5.003,0.246
5.004,0.231
5.006,0.238
5.007,0.246
5.008,0.231
5.010,0.238
5.011,0.238
5.013,0.223
5.014,0.231
5.015,0.238
5.017,0.223
5.018,0.223
5.019,0.223
5.021,0.215
5.022,0.200
5.024,0.200
5.025,0.208
5.026,0.200
5.028,0.200
5.029,0.192
5.031,0.200
5.032,0.200
5.033,0.192
5.035,0.208
5.036,0.200
5.037,0.192
5.039,0.208
5.040,0.200
5.042,0.192
5.043,0.208
5.044,0.192
5.046,0.185
5.047,0.177
5.049,0.192
5.050,0.185
5.051,0.177
5.053,0.185
5.054,0.177
5.056,0.177
5.057,0.177
5.058,0.169
5.060,0.154
5.061,0.162
5.062,0.162
5.064,0.169
5.065,0.169
5.067,0.177
5.068,0.162
5.069,0.154
5.071,0.162
5.072,0.162
5.074,0.169
5.075,0.177
5.076,0.169
5.078,0.162
5.079,0.162
5.081,0.169
5.082,0.169
5.083,0.162
5.085,0.169
5.086,0.162
5.088,0.154
5.089,0.162
5.090,0.162
5.092,0.162
5.093,0.162
5.094,0.162
5.096,0.162
5.097,0.162
5.099,0.162
5.100,0.169
5.101,0.162
5.103,0.154
5.104,0.162
5.106,0.162
5.107,0.154
5.108,0.154
5.110,0.154
5.111,0.146
5.112,0.146
5.114,0.154
5.115,0.146
5.117,0.131
5.118,0.138
5.119,0.138
5.121,0.115
5.122,0.123
5.124,0.138
5.125,0.123
5.126,0.115
5.128,0.123
5.129,0.115
5.131,0.108
5.132,0.115
5.133,0.115
5.135,0.115
5.136,0.123
5.138,0.123
5.139,0.108
5.140,0.092
5.142,0.100
5.143,0.100
5.144,0.100
5.146,0.108
5.147,0.108
5.149,0.100
5.150,0.108
5.151,0.100
5.153,0.092
5.154,0.108
5.156,0.123
5.157,0.108
5.158,0.108
5.160,0.115
5.161,0.115
5.162,0.108
5.164,0.115
5.165,0.123
5.167,0.115
5.168,0.123
5.169,0.123
5.171,0.115
5.172,0.123
5.174,0.123
5.175,0.108
5.176,0.108
5.178,0.115
5.179,0.123
5.181,0.115
5.182,0.138
5.183,0.146
5.185,0.146
5.186,0.146
5.188,0.146
5.189,0.154
5.190,0.162
5.192,0.146
5.193,0.154
5.194,0.169
5.196,0.169
5.197,0.162
5.199,0.177
5.200,0.177
5.201,0.177
5.203,0.177
5.204,0.177
5.206,0.177
5.207,0.177
5.208,0.192
5.210,0.185
5.211,0.192
5.213,0.200
5.214,0.200
5.215,0.200
5.217,0.200
5.218,0.200
5.219,0.200
5.221,0.200
5.222,0.208
5.224,0.208
5.225,0.200
5.226,0.200
5.228,0.200
5.229,0.208
5.231,0.215
5.232,0.215
5.233,0.231
5.235,0.238
5.236,0.238
5.237,0.238
5.239,0.246
5.240,0.246
5.242,0.238
5.243,0.246
5.244,0.238
5.246,0.231
5.247,0.223
5.249,0.231
5.250,0.215
5.251,0.215
5.253,0.215
5.254,0.215
5.256,0.208
5.257,0.208
5.258,0.208
5.260,0.208
5.261,0.192
5.263,0.200
5.264,0.208
5.265,0.215
5.267,0.215
5.268,0.223
5.269,0.231
5.271,0.231
5.272,0.246
5.274,0.246
5.275,0.231
5.276,0.223
5.278,0.223
5.279,0.223
5.281,0.215
5.282,0.208
5.283,0.208
5.285,0.208
5.286,0.200
5.287,0.208
5.289,0.208
5.290,0.200
5.292,0.200
5.293,0.208
5.294,0.208
5.296,0.208
5.297,0.215
5.299,0.215
5.300,0.215
5.301,0.223
5.303,0.215
5.304,0.215
5.306,0.215
5.307,0.215
5.308,0.223
5.310,0.231
5.311,0.215
5.312,0.215
5.314,0.215
5.315,0.223
5.317,0.223
5.318,0.231
5.319,0.223
5.321,0.223
5.322,0.238
5.324,0.238
5.325,0.238
5.326,0.238
5.328,0.238
5.329,0.246
5.331,0.238
5.332,0.231
5.333,0.231
5.335,0.238
5.336,0.231
5.338,0.215
5.339,0.215
5.340,0.215
5.342,0.223
5.343,0.223
5.344,0.223
5.346,0.215
5.347,0.215
5.349,0.208
5.350,0.215
5.351,0.223
5.353,0.223
5.354,0.215
5.356,0.231
5.357,0.231
5.358,0.223
5.360,0.215
5.361,0.215
5.362,0.200
5.364,0.208
5.365,0.223
5.367,0.215
5.368,0.223
5.369,0.223
5.371,0.223
5.372,0.215
5.374,0.223
5.375,0.246
5.376,0.262
5.378,0.269
5.379,0.285
5.381,0.300
5.382,0.315
5.383,0.323
5.385,0.323
5.386,0.323
5.388,0.315
5.389,0.331
5.390,0.331
5.392,0.346
5.393,0.338
5.394,0.308
5.396,0.285
5.397,0.285
5.399,0.269
5.400,0.231
5.401,0.215
5.403,0.200
5.404,0.154
5.406,0.115
5.407,0.069
5.408,0.038
5.410,0.008
5.411,-0.046
5.412,-0.100
5.414,-0.138
5.415,-0.200
5.417,-0.269
5.418,-0.315
5.419,-0.385
5.421,-0.462
5.422,-0.492
5.424,-0.508
5.425,-0.492
5.426,-0.469
5.428,-0.462
5.429,-0.462
5.431,-0.446
5.432,-0.431
5.433,-0.415
5.435,-0.377
5.436,-0.354
5.438,-0.331
5.439,-0.308
5.440,-0.285
5.442,-0.269
5.443,-0.231
5.444,-0.169
5.446,-0.131
5.447,-0.092
5.449,-0.046
5.450,0.008
5.451,0.046
5.453,0.077
5.454,0.100
5.456,0.108
5.457,0.108
5.458,0.138
5.460,0.138
5.461,0.131
5.463,0.162
5.464,0.177
5.465,0.162
5.467,0.185
5.468,0.192
5.469,0.177
5.471,0.192
5.472,0.215
5.474,0.215
5.475,0.231
5.476,0.238
5.478,0.215
5.479,0.215
5.481,0.231
5.482,0.223
5.483,0.208
5.485,0.215
5.486,0.215
5.487,0.223
5.489,0.231
5.490,0.238
5.492,0.231
5.493,0.231
5.494,0.231
5.496,0.231
5.497,0.246
5.499,0.238
5.500,0.238
5.501,0.238
5.503,0.246
5.504,0.238
5.506,0.238
5.507,0.238
5.508,0.238
5.510,0.246
5.511,0.262
5.513,0.262
5.514,0.262
5.515,0.262
5.517,0.262
5.518,0.254
5.519,0.262
5.521,0.262
5.522,0.269
5.524,0.269
5.525,0.269
5.526,0.262
5.528,0.254
5.529,0.269
5.531,0.269
5.532,0.262
5.533,0.269
5.535,0.269
5.536,0.269
5.537,0.277
5.539,0.285
5.540,0.277
5.542,0.277
5.543,0.277
5.544,0.285
5.546,0.292
5.547,0.292
5.549,0.285
5.550,0.277
5.551,0.285
5.553,0.285
5.554,0.269
5.556,0.285
5.557,0.285
5.558,0.277
5.560,0.285
5.561,0.292
5.562,0.292
5.564,0.285
5.565,0.292
5.567,0.285
5.568,0.292
5.569,0.292
5.571,0.292
5.572,0.300
5.574,0.300
5.575,0.308
5.576,0.308
5.578,0.315
5.579,0.323
5.581,0.331
5.582,0.338
5.583,0.338
5.585,0.331
5.586,0.323
5.588,0.331
5.589,0.323
5.590,0.315
5.592,0.323
5.593,0.315
5.594,0.315
5.596,0.323
5.597,0.338
5.599,0.338
5.600,0.346
5.601,0.338
5.603,0.331
5.604,0.346
5.606,0.354
5.607,0.354
5.608,0.362
5.610,0.362
5.611,0.377
5.612,0.369
5.614,0.377
5.615,0.377
5.617,0.385
5.618,0.392
5.619,0.385
5.621,0.385
5.622,0.392
5.624,0.385
5.625,0.392
5.626,0.400
5.628,0.392
5.629,0.392
5.631,0.400
5.632,0.408
5.633,0.415
5.635,0.415
5.636,0.415
5.638,0.423
5.639,0.438
5.640,0.438
5.642,0.431
5.643,0.446
5.644,0.446
5.646,0.446
5.647,0.446
5.649,0.454
5.650,0.462
5.651,0.446
5.653,0.446
5.654,0.454
5.656,0.469
5.657,0.462
5.658,0.462
5.660,0.477
5.661,0.492
5.662,0.485
5.664,0.469
5.665,0.469
5.667,0.477
5.668,0.469
5.669,0.469
5.671,0.462
5.672,0.469
5.674,0.469
5.675,0.469
5.676,0.462
5.678,0.462
5.679,0.462
5.681,0.462
5.682,0.477
5.683,0.462
5.685,0.446
5.686,0.438
5.688,0.438
5.689,0.438
5.690,0.438
5.692,0.431
5.693,0.415
5.694,0.415
5.696,0.408
5.697,0.415
5.699,0.408
5.700,0.400
5.701,0.400
5.703,0.392
5.704,0.392
5.706,0.377
5.707,0.369
5.708,0.362
5.710,0.354
5.711,0.346
5.713,0.346
5.714,0.346
5.715,0.338
5.717,0.331
5.718,0.315
5.719,0.315
5.721,0.315
5.722,0.292
5.724,0.285
5.725,0.300
5.726,0.292
5.728,0.277
5.729,0.269
5.731,0.277
5.732,0.262
5.733,0.254
5.735,0.254
5.736,0.254
5.737,0.254
5.739,0.246
5.740,0.238
5.742,0.246
5.743,0.231
5.744,0.223
5.746,0.231
5.747,0.231
5.749,0.223
5.750,0.223
5.751,0.238
5.753,0.223
5.754,0.223
5.756,0.223
5.757,0.223
5.758,0.215
5.760,0.223
5.761,0.215
5.763,0.215
5.764,0.223
5.765,0.223
5.767,0.223
5.768,0.223
5.769,0.223
5.771,0.223
5.772,0.231
5.774,0.238
5.775,0.223
5.776,0.215
5.778,0.215
5.779,0.215
5.781,0.215
5.782,0.223
5.783,0.208
5.785,0.200
5.786,0.208
5.787,0.208
5.789,0.200
5.790,0.208
5.792,0.208
5.793,0.200
5.794,0.208
5.796,0.215
5.797,0.215
5.799,0.215
5.800,0.208
5.801,0.200
5.803,0.200
5.804,0.208
5.806,0.208
5.807,0.208
5.808,0.208
5.810,0.208
5.811,0.208
5.812,0.208
5.814,0.215
5.815,0.215
5.817,0.215
5.818,0.208
5.819,0.208
5.821,0.208
5.822,0.215
5.824,0.208
5.825,0.208
5.826,0.200
5.828,0.200
5.829,0.192
5.831,0.185
5.832,0.185
5.833,0.192
5.835,0.192
5.836,0.177
5.838,0.185
5.839,0.192
5.840,0.192
5.842,0.185
5.843,0.185
5.844,0.185
5.846,0.192
5.847,0.192
5.849,0.200
5.850,0.215
5.851,0.223
5.853,0.208
5.854,0.208
5.856,0.215
5.857,0.223
5.858,0.200
5.860,0.200
5.861,0.200
5.862,0.192
5.864,0.192
5.865,0.185
5.867,0.192
5.868,0.185
5.869,0.177
5.871,0.185
5.872,0.185
5.874,0.192
5.875,0.185
5.876,0.169
5.878,0.192
5.879,0.192
5.881,0.192
5.882,0.200
5.883,0.208
5.885,0.200
5.886,0.192
5.888,0.200
5.889,0.208
5.890,0.208
5.892,0.200
5.893,0.192
5.894,0.208
5.896,0.200
5.897,0.185
5.899,0.192
5.900,0.200
5.901,0.208
5.903,0.200
5.904,0.200
5.906,0.200
5.907,0.200
5.908,0.192
5.910,0.192
5.911,0.192
5.912,0.185
5.914,0.192
5.915,0.192
5.917,0.192
5.918,0.192
5.919,0.192
5.921,0.192
5.922,0.192
5.924,0.185
5.925,0.185
5.926,0.177
5.928,0.177
5.929,0.177
5.931,0.177
5.932,0.177
5.933,0.169
5.935,0.177
5.936,0.185
5.938,0.185
5.939,0.177
5.940,0.185
5.942,0.192
5.943,0.200
5.944,0.192
5.946,0.192
5.947,0.200
5.949,0.200
5.950,0.200
5.951,0.200
5.953,0.200
5.954,0.200
5.956,0.200
5.957,0.208
5.958,0.208
5.960,0.208
5.961,0.208
5.963,0.208
5.964,0.215
5.965,0.223
5.967,0.223
5.968,0.215
5.969,0.215
5.971,0.223
5.972,0.215
5.974,0.208
5.975,0.215
5.976,0.223
5.978,0.185
5.979,0.192
5.981,0.208
5.982,0.215
5.983,0.215
5.985,0.223
5.986,0.223
5.987,0.208
5.989,0.208
5.990,0.215
5.992,0.208
5.993,0.215
5.994,0.223
5.996,0.215
5.997,0.215
5.999,0.215
6.000,0.223
6.001,0.215
6.003,0.208
6.004,0.223
6.006,0.215
6.007,0.215
6.008,0.223
6.010,0.223
6.011,0.208
6.013,0.215
6.014,0.215
6.015,0.208
6.017,0.215
6.018,0.215
6.019,0.200
6.021,0.192
6.022,0.200
6.024,0.200
6.025,0.192
6.026,0.208
6.028,0.215
6.029,0.215
6.031,0.208
6.032,0.223
6.033,0.215
6.035,0.208
6.036,0.215
6.037,0.215
6.039,0.208
6.040,0.223
6.042,0.215
6.043,0.208
6.044,0.208
6.046,0.215
6.047,0.208
6.049,0.215
6.050,0.223
6.051,0.215
6.053,0.208
6.054,0.208
6.056,0.215
6.057,0.223
6.058,0.208
6.060,0.208
6.061,0.215
6.062,0.215
6.064,0.215
6.065,0.215
6.067,0.215
6.068,0.215
6.069,0.208
6.071,0.208
6.072,0.215
6.074,0.208
6.075,0.208
6.076,0.208
6.078,0.200
6.079,0.200
6.081,0.208
6.082,0.208
6.083,0.215
6.085,0.215
6.086,0.200
6.088,0.200
6.089,0.215
6.090,0.208
6.092,0.200
6.093,0.208
6.094,0.208
6.096,0.208
6.097,0.208
6.099,0.208
6.100,0.192
6.101,0.208
6.103,0.208
6.104,0.208
6.106,0.208
6.107,0.215
6.108,0.208
6.110,0.208
6.111,0.215
6.112,0.215
6.114,0.215
6.115,0.200
6.117,0.215
6.118,0.215
6.119,0.215
6.121,0.215
6.122,0.223
6.124,0.215
6.125,0.208
6.126,0.208
6.128,0.208
6.129,0.200
6.131,0.208
6.132,0.200
6.133,0.200
6.135,0.200
6.136,0.215
6.138,0.215
6.139,0.215
6.140,0.215
6.142,0.223
6.143,0.215
6.144,0.215
6.146,0.223
6.147,0.223
6.149,0.223
6.150,0.208
6.151,0.215
6.153,0.215
6.154,0.208
6.156,0.208
6.157,0.200
6.158,0.200
6.160,0.192
6.161,0.192
6.162,0.208
6.164,0.215
6.165,0.223
6.167,0.231
6.168,0.238
6.169,0.238
6.171,0.246
6.172,0.262
6.174,0.254
6.175,0.262
6.176,0.254
6.178,0.246
6.179,0.254
6.181,0.269
6.182,0.277
6.183,0.262
6.185,0.254
6.186,0.254
6.188,0.246
6.189,0.246
6.190,0.254
6.192,0.254
6.193,0.246
6.194,0.254
6.196,0.277
6.197,0.292
6.199,0.277
6.200,0.277
6.201,0.277
6.203,0.285
6.204,0.292
6.206,0.300
6.207,0.308
6.208,0.300
6.210,0.300
6.211,0.300
6.213,0.308
6.214,0.315
6.215,0.323
6.217,0.315
6.218,0.315
6.219,0.315
6.221,0.323
6.222,0.323
6.224,0.323
6.225,0.315
6.226,0.308
6.228,0.300
6.229,0.308
6.231,0.308
6.232,0.308
6.233,0.300
6.235,0.308
6.236,0.300
6.237,0.308
6.239,0.323
6.240,0.315
6.242,0.300
6.243,0.315
6.244,0.323
6.246,0.308
6.247,0.315
6.249,0.308
6.250,0.292
6.251,0.292
6.253,0.300
6.254,0.300
6.256,0.308
6.257,0.292
6.258,0.277
6.260,0.277
6.261,0.292
6.263,0.285
6.264,0.285
6.265,0.277
6.267,0.269
6.268,0.262
6.269,0.262
6.271,0.262
6.272,0.262
6.274,0.262
6.275,0.262
6.276,0.246
6.278,0.246
6.279,0.246
6.281,0.231
6.282,0.231
6.283,0.231
6.285,0.231
6.286,0.231
6.287,0.238
6.289,0.238
6.290,0.231
6.292,0.223
6.293,0.215
6.294,0.200
6.296,0.215
6.297,0.215
6.299,0.215
6.300,0.200
6.301,0.200
6.303,0.192
6.304,0.208
6.306,0.200
6.307,0.208
6.308,0.200
6.310,0.208
6.311,0.208
6.312,0.200
6.314,0.208
6.315,0.208
6.317,0.223
6.318,0.223
6.319,0.231
6.321,0.238
6.322,0.238
6.324,0.238
6.325,0.254
6.326,0.246
6.328,0.246
6.329,0.254
6.331,0.262
6.332,0.262
6.333,0.246
6.335,0.254
6.336,0.262
6.338,0.262
6.339,0.254
6.340,0.254
6.342,0.262
6.343,0.269
6.344,0.269
6.346,0.277
6.347,0.285
6.349,0.300
6.350,0.315
6.351,0.331
6.353,0.346
6.354,0.362
6.356,0.369
6.357,0.392
6.358,0.415
6.360,0.431
6.361,0.438
6.362,0.462
6.364,0.492
6.365,0.508
6.367,0.531
6.368,0.554
6.369,0.562
6.371,0.569
6.372,0.569
6.374,0.554
6.375,0.546
6.376,0.554
6.378,0.554
6.379,0.531
6.381,0.531
6.382,0.515
6.383,0.492
6.385,0.462
6.386,0.446
6.388,0.423
6.389,0.400
6.390,0.385
6.392,0.392
6.393,0.369
6.394,0.362
6.396,0.369
6.397,0.354
6.399,0.346
6.400,0.354
6.401,0.338
6.403,0.323
6.404,0.338
6.406,0.362
6.407,0.346
6.408,0.354
6.410,0.346
6.411,0.338
6.412,0.338
6.414,0.338
6.415,0.323
6.417,0.315
6.418,0.308
6.419,0.308
6.421,0.308
6.422,0.285
6.424,0.262
6.425,0.262
6.426,0.269
6.428,0.246
6.429,0.238
6.431,0.246
6.432,0.238
6.433,0.231
6.435,0.231
6.436,0.223
6.438,0.223
6.439,0.231
6.440,0.223
6.442,0.223
6.443,0.231
6.444,0.231
6.446,0.231
6.447,0.223
6.449,0.208
6.450,0.215
6.451,0.208
6.453,0.215
6.454,0.208
6.456,0.215
6.457,0.223
6.458,0.215
6.460,0.215
6.461,0.208
6.463,0.223
6.464,0.215
6.465,0.215
6.467,0.215
6.468,0.208
6.469,0.200
6.471,0.215
6.472,0.215
6.474,0.215
6.475,0.215
6.476,0.215
6.478,0.215
6.479,0.223
6.481,0.223
6.482,0.215
6.483,0.215
6.485,0.223
6.486,0.223
6.487,0.215
6.489,0.215
6.490,0.215
6.492,0.215
6.493,0.215
6.494,0.215
6.496,0.223
6.497,0.231
6.499,0.231
6.500,0.238
6.501,0.231
6.503,0.231
6.504,0.231
6.506,0.231
6.507,0.231
6.508,0.231
6.510,0.231
6.511,0.231
6.513,0.238
6.514,0.223
6.515,0.215
6.517,0.223
6.518,0.215
6.519,0.200
6.521,0.200
6.522,0.215
6.524,0.208
6.525,0.215
6.526,0.200
6.528,0.200
6.529,0.208
6.531,0.200
6.532,0.200
6.533,0.208
6.535,0.200
6.536,0.200
6.537,0.208
6.539,0.200
6.540,0.177
6.542,0.192
6.543,0.192
6.544,0.185
6.546,0.177
6.547,0.185
6.549,0.169
6.550,0.169
6.551,0.177
6.553,0.162
6.554,0.169
6.556,0.177
6.557,0.169
6.558,0.162
6.560,0.162
6.561,0.162
6.562,0.169
6.564,0.177
6.565,0.169
6.567,0.177
6.568,0.177
6.569,0.177
6.571,0.169
6.572,0.154
6.574,0.169
6.575,0.162
6.576,0.162
6.578,0.162
6.579,0.169
6.581,0.169
6.582,0.169
6.583,0.177
6.585,0.169
6.586,0.162
6.588,0.169
6.589,0.177
6.590,0.177
6.592,0.169
6.593,0.177
6.594,0.177
6.596,0.177
6.597,0.177
6.599,0.185
6.600,0.177
6.601,0.162
6.603,0.162
6.604,0.162
6.606,0.146
6.607,0.138
6.608,0.138
6.610,0.138
6.611,0.138
6.612,0.146
6.614,0.146
6.615,0.138
6.617,0.131
6.618,0.131
6.619,0.131
6.621,0.131
6.622,0.123
6.624,0.115
6.625,0.123
6.626,0.123
6.628,0.100
6.629,0.100
6.631,0.100
6.632,0.085
6.633,0.085
6.635,0.100
6.636,0.092
6.638,0.085
6.639,0.085
6.640,0.077
6.642,0.069
6.643,0.092
6.644,0.100
6.646,0.092
6.647,0.100
6.649,0.092
6.650,0.092
6.651,0.108
6.653,0.108
6.654,0.115
6.656,0.131
6.657,0.131
6.658,0.123
6.660,0.123
6.661,0.123
6.662,0.115
6.664,0.115
6.665,0.123
6.667,0.123
6.668,0.115
6.669,0.123
6.671,0.138
6.672,0.138
6.674,0.131
6.675,0.123
6.676,0.131
6.678,0.131
6.679,0.131
6.681,0.138
6.682,0.154
6.683,0.146
6.685,0.154
6.686,0.169
6.688,0.169
6.689,0.177
6.690,0.177
6.692,0.169
6.693,0.169
6.694,0.192
6.696,0.185
6.697,0.162
6.699,0.169
6.700,0.192
6.701,0.185
6.703,0.192
6.704,0.200
6.706,0.200
6.707,0.192
6.708,0.208
6.710,0.208
6.711,0.200
6.713,0.200
6.714,0.200
6.715,0.208
6.717,0.215
6.718,0.208
6.719,0.200
6.721,0.200
6.722,0.200
6.724,0.208
6.725,0.200
6.726,0.208
6.728,0.215
6.729,0.223
6.731,0.231
6.732,0.223
6.733,0.223
6.735,0.238
6.736,0.246
6.737,0.246
6.739,0.238
6.740,0.223
6.742,0.231
6.743,0.223
6.744,0.215
6.746,0.215
6.747,0.208
6.749,0.208
6.750,0.208
6.751,0.208
6.753,0.208
6.754,0.215
6.756,0.215
6.757,0.215
6.758,0.208
6.760,0.215
6.761,0.215
6.763,0.215
6.764,0.215
6.765,0.223
6.767,0.223
6.768,0.223
6.769,0.223
6.771,0.231
6.772,0.231
6.774,0.215
6.775,0.215
6.776,0.208
6.778,0.208
6.779,0.215
6.781,0.223
6.782,0.223
6.783,0.223
6.785,0.215
6.786,0.215
6.787,0.223
6.789,0.223
6.790,0.208
6.792,0.215
6.793,0.215
6.794,0.223
6.796,0.223
6.797,0.215
6.799,0.223
6.800,0.215
6.801,0.223
6.803,0.223
6.804,0.215
6.806,0.215
6.807,0.208
6.808,0.215
6.810,0.215
6.811,0.223
6.812,0.231
6.814,0.231
6.815,0.231
6.817,0.231
6.818,0.238
6.819,0.238
6.821,0.246
6.822,0.238
6.824,0.231
6.825,0.215
6.826,0.223
6.828,0.231
6.829,0.231
6.831,0.223
6.832,0.223
6.833,0.215
6.835,0.223
6.836,0.215
6.838,0.215
6.839,0.208
6.840,0.215
6.842,0.215
6.843,0.215
6.844,0.208
6.846,0.223
6.847,0.223
6.849,0.208
6.850,0.208
6.851,0.215
6.853,0.208
6.854,0.215
6.856,0.215
6.857,0.208
6.858,0.200
6.860,0.200
6.861,0.215
6.862,0.200
6.864,0.200
6.865,0.208
6.867,0.215
6.868,0.223
6.869,0.238
6.871,0.254
6.872,0.269
6.874,0.292
6.875,0.308
6.876,0.308
6.878,0.315
6.879,0.338
6.881,0.346
6.882,0.346
6.883,0.346
6.885,0.338
6.886,0.346
6.888,0.362
6.889,0.338
6.890,0.315
6.892,0.300
6.893,0.292
6.894,0.269
6.896,0.246
6.897,0.231
6.899,0.192
6.900,0.154
6.901,0.123
6.903,0.092
6.904,0.062
6.906,0.008
6.907,-0.038
6.908,-0.077
6.910,-0.138
6.911,-0.200
6.912,-0.254
6.914,-0.300
6.915,-0.369
6.917,-0.431
6.918,-0.500
6.919,-0.523
6.921,-0.508
6.922,-0.485
6.924,-0.477
6.925,-0.462
6.926,-0.454
6.928,-0.431
6.929,-0.415
6.931,-0.392
6.932,-0.362
6.933,-0.338
6.935,-0.323
6.936,-0.300
6.938,-0.262
6.939,-0.231
6.940,-0.208
6.942,-0.138
6.943,-0.092
6.944,-0.062
6.946,0.000
6.947,0.046
6.949,0.069
6.950,0.100
6.951,0.108
6.953,0.100
6.954,0.123
6.956,0.138
6.957,0.123
6.958,0.138
6.960,0.162
6.961,0.162
6.963,0.169
6.964,0.185
6.965,0.185
6.967,0.192
6.968,0.200
6.969,0.215
6.971,0.215
6.972,0.215
6.974,0.223
6.975,0.223
6.976,0.223
6.978,0.223
6.979,0.223
6.981,0.223
6.982,0.223
6.983,0.231
6.985,0.223
6.986,0.223
6.987,0.238
6.989,0.246
6.990,0.246
6.992,0.246
6.993,0.254
6.994,0.254
6.996,0.246
6.997,0.238
6.999,0.246
7.000,0.246
7.001,0.238
7.003,0.246
7.004,0.262
7.006,0.269
7.007,0.262
7.008,0.269
7.010,0.277
7.011,0.269
7.013,0.269
7.014,0.262
7.015,0.269
7.017,0.262
7.018,0.277
7.019,0.277
7.021,0.285
7.022,0.277
7.024,0.269
7.025,0.262
7.026,0.277
7.028,0.285
7.029,0.277
7.031,0.285
7.032,0.285
7.033,0.269
7.035,0.269
7.036,0.285
7.037,0.300
7.039,0.308
7.040,0.308
7.042,0.300
7.043,0.292
7.044,0.300
7.046,0.315
7.047,0.308
7.049,0.308
7.050,0.315
7.051,0.300
7.053,0.292
7.054,0.300
7.056,0.300
7.057,0.300
7.058,0.285
7.060,0.285
7.061,0.285
7.062,0.292
7.064,0.300
7.065,0.300
7.067,0.292
7.068,0.285
7.069,0.285
7.071,0.292
7.072,0.308
7.074,0.315
7.075,0.308
7.076,0.323
7.078,0.315
7.079,0.331
7.081,0.331
7.082,0.323
7.083,0.315
7.085,0.315
7.086,0.315
7.088,0.315
7.089,0.315
7.090,0.308
7.092,0.323
7.093,0.331
7.094,0.323
7.096,0.331
7.097,0.331
7.099,0.331
7.100,0.346
7.101,0.346
7.103,0.362
7.104,0.369
7.106,0.369
7.107,0.385
7.108,0.377
7.110,0.369
7.111,0.392
7.112,0.408
7.114,0.392
7.115,0.400
7.117,0.415
7.118,0.400
7.119,0.400
7.121,0.415
7.122,0.408
7.124,0.408
7.125,0.431
7.126,0.415
7.128,0.415
7.129,0.431
7.131,0.438
7.132,0.446
7.133,0.462
7.135,0.454
7.136,0.454
7.138,0.477
7.139,0.485
7.140,0.469
7.142,0.462
7.143,0.485
7.144,0.485
7.146,0.477
7.147,0.469
7.149,0.477
7.150,0.477
7.151,0.469
7.153,0.477
7.154,0.477
7.156,0.477
7.157,0.485
7.158,0.492
7.160,0.485
7.161,0.477
7.162,0.485
7.164,0.492
7.165,0.462
7.167,0.454
7.168,0.462
7.169,0.469
7.171,0.485
7.172,0.477
7.174,0.469
7.175,0.454
7.176,0.469
7.178,0.469
7.179,0.454
7.181,0.446
7.182,0.446
7.183,0.446
7.185,0.438
7.186,0.431
7.188,0.431
7.189,0.423
7.190,0.415
7.192,0.400
7.193,0.400
7.194,0.400
7.196,0.400
7.197,0.400
7.199,0.400
7.200,0.385
7.201,0.377
7.203,0.369
7.204,0.369
7.206,0.346
7.207,0.354
7.208,0.362
7.210,0.346
7.211,0.323
7.213,0.331
7.214,0.331
7.215,0.315
7.217,0.300
7.218,0.300
7.219,0.300
7.221,0.292
7.222,0.285
7.224,0.277
7.225,0.262
7.226,0.262
7.228,0.262
7.229,0.262
7.231,0.262
7.232,0.254
7.233,0.238
7.235,0.238
7.236,0.238
7.237,0.246
7.239,0.238
7.240,0.246
7.242,0.238
7.243,0.231
7.244,0.223
7.246,0.223
7.247,0.223
7.249,0.223
7.250,0.200
7.251,0.208
7.253,0.223
7.254,0.223
7.256,0.223
7.257,0.223
7.258,0.231
7.260,0.223
7.261,0.231
7.263,0.238
7.264,0.238
7.265,0.231
7.267,0.231
7.268,0.223
7.269,0.200
7.271,0.215
7.272,0.215
7.274,0.192
7.275,0.200
7.276,0.208
7.278,0.200
7.279,0.208
7.281,0.208
7.282,0.208
7.283,0.208
7.285,0.200
7.286,0.200
7.287,0.200
7.289,0.208
7.290,0.215
7.292,0.208
7.293,0.208
7.294,0.223
7.296,0.215
7.297,0.215
7.299,0.215
7.300,0.215
7.301,0.215
7.303,0.215
7.304,0.215
7.306,0.215
7.307,0.215
7.308,0.223
7.310,0.208
7.311,0.208
7.312,0.208
7.314,0.215
7.315,0.200
7.317,0.208
7.318,0.208
7.319,0.200
7.321,0.192
7.322,0.200
7.324,0.192
7.325,0.177
7.326,0.177
7.328,0.177
7.329,0.177
7.331,0.185
7.332,0.192
7.333,0.177
7.335,0.177
7.336,0.185
7.338,0.177
7.339,0.177
7.340,0.185
7.342,0.192
7.343,0.192
7.344,0.185
7.346,0.185
7.347,0.192
7.349,0.200
7.350,0.185
7.351,0.185
7.353,0.185
7.354,0.192
7.356,0.192
7.357,0.177
7.358,0.162
7.360,0.162
7.361,0.169
7.362,0.162
7.364,0.162
7.365,0.162
7.367,0.169
7.368,0.162
7.369,0.169
7.371,0.185
7.372,0.177
7.374,0.177
7.375,0.185
7.376,0.192
7.378,0.192
7.379,0.185
7.381,0.200
7.382,0.192
7.383,0.192
7.385,0.185
7.386,0.192
7.388,0.215
7.389,0.200
7.390,0.192
7.392,0.200
7.393,0.208
7.394,0.200
7.396,0.200
7.397,0.215
7.399,0.200
7.400,0.192
7.401,0.208
7.403,0.200
7.404,0.192
7.406,0.208
7.407,0.215
7.408,0.208
7.410,0.208
7.411,0.208
7.412,0.200
7.414,0.200
7.415,0.200
7.417,0.208
7.418,0.200
7.419,0.208
7.421,0.200
7.422,0.185
7.424,0.177
7.425,0.177
7.426,0.169
7.428,0.177
7.429,0.177
7.431,0.169
7.432,0.185
7.433,0.177
7.435,0.192
7.436,0.200
7.438,0.192
7.439,0.185
7.440,0.200
7.442,0.192
7.443,0.185
7.444,0.192
7.446,0.192
7.447,0.192
7.449,0.192
7.450,0.200
7.451,0.208
7.453,0.200
7.454,0.192
7.456,0.192
7.457,0.200
7.458,0.200
7.460,0.192
7.461,0.200
7.463,0.215
7.464,0.215
7.465,0.215
7.467,0.215
7.468,0.208
7.469,0.208
7.471,0.223
7.472,0.215
7.474,0.208
7.475,0.192
7.476,0.200
7.478,0.208
7.479,0.208
7.481,0.200
7.482,0.200
7.483,0.200
7.485,0.200
7.486,0.192
7.487,0.192
7.489,0.208
7.490,0.215
7.492,0.208
7.493,0.208
7.494,0.208
7.496,0.208
7.497,0.208
7.499,0.200
7.500,0.200
7.501,0.208
7.503,0.200
7.504,0.208
7.506,0.200
7.507,0.192
7.508,0.200
7.510,0.208
7.511,0.208
7.513,0.200
7.514,0.192
7.515,0.192
7.517,0.185
7.518,0.185
7.519,0.200
7.521,0.200
7.522,0.200
7.524,0.200
7.525,0.208
7.526,0.208
7.528,0.200
7.529,0.200
7.531,0.200
7.532,0.208
7.533,0.200
7.535,0.200
7.536,0.208
7.537,0.192
7.539,0.192
7.540,0.200
7.542,0.192
7.543,0.192
7.544,0.200
7.546,0.200
7.547,0.192
7.549,0.200
7.550,0.200
7.551,0.192
7.553,0.192
7.554,0.192
7.556,0.200
7.557,0.192
7.558,0.200
7.560,0.192
7.561,0.192
7.562,0.192
7.564,0.185
7.565,0.200
7.567,0.208
7.568,0.200
7.569,0.200
7.571,0.200
7.572,0.200
7.574,0.192
7.575,0.185
7.576,0.185
7.578,0.185
7.579,0.185
7.581,0.192
7.582,0.185
7.583,0.185
7.585,0.192
7.586,0.192
7.588,0.185
7.589,0.192
7.590,0.192
7.592,0.185
7.593,0.185
7.594,0.192
7.596,0.192
7.597,0.185
7.599,0.192
7.600,0.192
7.601,0.185
7.603,0.185
7.604,0.185
7.606,0.185
7.607,0.192
7.608,0.200
7.610,0.200
7.611,0.185
7.612,0.200
7.614,0.200
7.615,0.208
7.617,0.208
7.618,0.208
7.619,0.208
7.621,0.208
7.622,0.208
7.624,0.200
7.625,0.192
7.626,0.208
7.628,0.208
7.629,0.215
7.631,0.215
7.632,0.215
7.633,0.223
7.635,0.223
7.636,0.231
7.638,0.231
7.639,0.238
7.640,0.223
7.642,0.223
7.643,0.231
7.644,0.238
7.646,0.238
7.647,0.231
7.649,0.223
7.650,0.215
7.651,0.223
7.653,0.223
7.654,0.223
7.656,0.223
7.657,0.231
7.658,0.231
7.660,0.238
7.661,0.238
7.662,0.246
7.664,0.246
7.665,0.254
7.667,0.254
7.668,0.254
7.669,0.269
7.671,0.277
7.672,0.269
7.674,0.277
7.675,0.269
7.676,0.269
7.678,0.262
7.679,0.262
7.681,0.262
7.682,0.269
7.683,0.269
7.685,0.262
7.686,0.254
7.688,0.254
7.689,0.254
7.690,0.254
7.692,0.254
7.693,0.254
7.694,0.254
7.696,0.269
7.697,0.277
7.699,0.277
7.700,0.277
7.701,0.277
7.703,0.277
7.704,0.269
7.706,0.285
7.707,0.285
7.708,0.285
7.710,0.292
7.711,0.300
7.713,0.292
7.714,0.300
7.715,0.315
7.717,0.300
7.718,0.300
7.719,0.300
7.721,0.300
7.722,0.300
7.724,0.308
7.725,0.308
7.726,0.292
7.728,0.292
7.729,0.300
7.731,0.308
7.732,0.315
7.733,0.308
7.735,0.315
7.736,0.315
7.737,0.315
7.739,0.323
7.740,0.331
7.742,0.315
7.743,0.308
7.744,0.300
7.746,0.323
7.747,0.323
7.749,0.315
7.750,0.315
7.751,0.300
7.753,0.308
7.754,0.323
7.756,0.308
7.757,0.292
7.758,0.292
7.760,0.285
7.761,0.285
7.763,0.285
7.764,0.292
7.765,0.285
7.767,0.277
7.768,0.269
7.769,0.269
7.771,0.262
7.772,0.262
7.774,0.254
7.775,0.262
7.776,0.262
7.778,0.262
7.779,0.262
7.781,0.262
7.782,0.246
7.783,0.238
7.785,0.231
7.786,0.231
7.787,0.223
7.789,0.200
7.790,0.208
7.792,0.215
7.793,0.223
7.794,0.215
7.796,0.215
7.797,0.208
7.799,0.208
7.800,0.208
7.801,0.215
7.803,0.215
7.804,0.215
7.806,0.215
7.807,0.208
7.808,0.215
7.810,0.223
7.811,0.215
7.812,0.215
7.814,0.231
7.815,0.231
7.817,0.215
7.818,0.215
7.819,0.223
7.821,0.223
7.822,0.215
7.824,0.231
7.825,0.238
7.826,0.246
7.828,0.238
7.829,0.246
7.831,0.246
7.832,0.231
7.833,0.238
7.835,0.231
7.836,0.223
7.838,0.246
7.839,0.262
7.840,0.277
7.842,0.285
7.843,0.292
7.844,0.308
7.846,0.308
7.847,0.331
7.849,0.354
7.850,0.369
7.851,0.369
7.853,0.400
7.854,0.423
7.856,0.438
7.857,0.446
7.858,0.469
7.860,0.492
7.861,0.515
7.862,0.546
7.864,0.562
7.865,0.562
7.867,0.569
7.868,0.569
7.869,0.554
7.871,0.554
7.872,0.569
7.874,0.546
7.875,0.538
7.876,0.546
7.878,0.500
7.879,0.469
7.881,0.462
7.882,0.446
7.883,0.423
7.885,0.392
7.886,0.369
7.888,0.377
7.889,0.377
7.890,0.377
7.892,0.369
7.893,0.369
7.894,0.377
7.896,0.346
7.897,0.354
7.899,0.362
7.900,0.346
7.901,0.331
7.903,0.346
7.904,0.346
7.906,0.331
7.907,0.315
7.908,0.315
7.910,0.315
7.911,0.331
7.912,0.315
7.914,0.308
7.915,0.308
7.917,0.308
7.918,0.285
7.919,0.277
7.921,0.269
7.922,0.262
7.924,0.246
7.925,0.238
7.926,0.238
7.928,0.246
7.929,0.254
7.931,0.246
7.932,0.238
7.933,0.231
7.935,0.223
7.936,0.215
7.938,0.223
7.939,0.215
7.940,0.200
7.942,0.208
7.943,0.208
7.944,0.200
7.946,0.208
7.947,0.215
7.949,0.208
7.950,0.208
7.951,0.208
7.953,0.208
7.954,0.208
7.956,0.215
7.957,0.208
7.958,0.208
7.960,0.208
7.961,0.215
7.963,0.215
7.964,0.215
7.965,0.200
7.967,0.208
7.968,0.208
7.969,0.208
7.971,0.200
7.972,0.208
7.974,0.208
7.975,0.192
7.976,0.192
7.978,0.200
7.979,0.192
7.981,0.192
7.982,0.192
7.983,0.192
7.985,0.185
7.986,0.192
7.987,0.192
7.989,0.192
7.990,0.192
7.992,0.192
7.993,0.208
7.994,0.215
7.996,0.215
7.997,0.208
7.999,0.200
8.000,0.215
8.001,0.215
8.003,0.215
8.004,0.215
8.006,0.200
8.007,0.200
8.008,0.208
8.010,0.208
8.011,0.200
8.012,0.208
8.014,0.215
8.015,0.200
8.017,0.192
8.018,0.200
8.019,0.200
8.021,0.200
8.022,0.215
8.024,0.208
8.025,0.200
8.026,0.208
8.028,0.215
8.029,0.208
8.031,0.215
8.032,0.208
8.033,0.208
8.035,0.208
8.036,0.200
8.037,0.200
8.039,0.200
8.040,0.200
8.042,0.185
8.043,0.185
8.044,0.192
8.046,0.185
8.047,0.185
8.049,0.192
8.050,0.185
8.051,0.185
8.053,0.192
8.054,0.192
8.056,0.177
8.057,0.185
8.058,0.185
8.060,0.169
8.061,0.169
8.062,0.177
8.064,0.177
8.065,0.177
8.067,0.177
8.068,0.177
8.069,0.169
8.071,0.177
8.072,0.177
8.074,0.177
8.075,0.177
8.076,0.177
8.078,0.185
8.079,0.192
8.081,0.200
8.082,0.185
8.083,0.169
8.085,0.169
8.086,0.169
8.088,0.162
8.089,0.162
8.090,0.162
8.092,0.162
8.093,0.154
8.094,0.162
8.096,0.162
8.097,0.154
8.099,0.146
8.100,0.146
8.101,0.138
8.103,0.131
8.104,0.138
8.106,0.131
8.107,0.138
8.108,0.138
8.110,0.123
8.111,0.123
8.113,0.115
8.114,0.123
8.115,0.115
8.117,0.123
8.118,0.123
8.119,0.108
8.121,0.100
8.122,0.108
8.124,0.092
8.125,0.092
8.126,0.100
8.128,0.085
8.129,0.077
8.131,0.092
8.132,0.085
8.133,0.069
8.135,0.069
8.136,0.069
8.137,0.069
8.139,0.085
8.140,0.092
8.142,0.085
8.143,0.092
8.144,0.092
8.146,0.092
8.147,0.100
8.149,0.100
8.150,0.100
8.151,0.108
8.153,0.108
8.154,0.108
8.156,0.115
8.157,0.115
8.158,0.115
8.160,0.100
8.161,0.108
8.162,0.115
8.164,0.115
8.165,0.115
8.167,0.115
8.168,0.108
8.169,0.115
8.171,0.115
8.172,0.131
8.174,0.131
8.175,0.131
8.176,0.131
8.178,0.138
8.179,0.138
8.181,0.146
8.182,0.146
8.183,0.138
8.185,0.162
8.186,0.169
8.188,0.169
8.189,0.169
8.190,0.169
8.192,0.177
8.193,0.169
8.194,0.185
8.196,0.192
8.197,0.177
8.199,0.185
8.200,0.192
8.201,0.192
8.203,0.192
8.204,0.200
8.206,0.208
8.207,0.200
8.208,0.200
8.210,0.200
8.211,0.192
8.213,0.200
8.214,0.208
8.215,0.185
8.217,0.200
8.218,0.200
8.219,0.200
8.221,0.192
8.222,0.200
8.224,0.208
8.225,0.200
8.226,0.208
8.228,0.208
8.229,0.208
8.231,0.215
8.232,0.215
8.233,0.215
8.235,0.223
8.236,0.231
8.238,0.223
8.239,0.208
8.240,0.215
8.242,0.208
8.243,0.200
8.244,0.192
8.246,0.192
8.247,0.208
8.249,0.200
8.250,0.200
8.251,0.208
8.253,0.200
8.254,0.200
8.256,0.200
8.257,0.192
8.258,0.200
8.260,0.208
8.261,0.208
8.262,0.215
8.264,0.215
8.265,0.215
8.267,0.215
8.268,0.208
8.269,0.208
8.271,0.200
8.272,0.208
8.274,0.208
8.275,0.200
8.276,0.208
8.278,0.215
8.279,0.215
8.281,0.208
8.282,0.208
8.283,0.208
8.285,0.208
8.286,0.208
8.287,0.208
8.289,0.215
8.290,0.223
8.292,0.223
8.293,0.208
8.294,0.208
8.296,0.223
8.297,0.223
8.299,0.200
8.300,0.200
8.301,0.208
8.303,0.208
8.304,0.208
8.306,0.208
8.307,0.208
8.308,0.200
8.310,0.208
8.311,0.223
8.312,0.231
8.314,0.223
8.315,0.231
8.317,0.246
8.318,0.246
8.319,0.238
8.321,0.238
8.322,0.238
8.324,0.231
8.325,0.231
8.326,0.231
8.328,0.238
8.329,0.231
8.331,0.223
8.332,0.223
8.333,0.215
8.335,0.215
8.336,0.223
8.338,0.223
8.339,0.215
8.340,0.223
8.342,0.231
8.343,0.231
8.344,0.238
8.346,0.238
8.347,0.231
8.349,0.231
8.350,0.231
8.351,0.231
8.353,0.223
8.354,0.223
8.356,0.231
8.357,0.223
8.358,0.215
8.360,0.223
8.361,0.231
8.363,0.223
8.364,0.231
8.365,0.231
8.367,0.238
8.368,0.262
8.369,0.285
8.371,0.300
8.372,0.315
8.374,0.323
8.375,0.338
8.376,0.331
8.378,0.331
8.379,0.346
8.381,0.354
8.382,0.346
8.383,0.346
8.385,0.362
8.386,0.338
8.387,0.300
8.389,0.292
8.390,0.262
8.392,0.231
8.393,0.223
8.394,0.215
8.396,0.169
8.397,0.123
8.399,0.092
8.400,0.046
8.401,0.008
8.403,-0.023
8.404,-0.069
8.406,-0.123
8.407,-0.185
8.408,-0.238
8.410,-0.308
8.411,-0.354
8.412,-0.415
8.414,-0.477
8.415,-0.523
8.417,-0.508
8.418,-0.477
8.419,-0.462
8.421,-0.462
8.422,-0.446
8.424,-0.446
8.425,-0.438
8.426,-0.400
8.428,-0.369
8.429,-0.346
8.431,-0.315
8.432,-0.285
8.433,-0.269
8.435,-0.231
8.436,-0.200
8.438,-0.146
8.439,-0.092
8.440,-0.062
8.442,-0.023
8.443,0.038
8.444,0.085
8.446,0.108
8.447,0.100
8.449,0.108
8.450,0.138
8.451,0.146
8.453,0.146
8.454,0.162
8.456,0.169
8.457,0.169
8.458,0.177
8.460,0.200
8.461,0.208
8.463,0.208
8.464,0.215
8.465,0.215
8.467,0.223
8.468,0.223
8.469,0.223
8.471,0.223
8.472,0.215
8.474,0.215
8.475,0.223
8.476,0.223
8.478,0.231
8.479,0.238
8.481,0.238
8.482,0.238
8.483,0.246
8.485,0.254
8.486,0.246
8.488,0.246
8.489,0.246
8.490,0.246
8.492,0.246
8.493,0.254
8.494,0.254
8.496,0.254
8.497,0.246
8.499,0.254
8.500,0.246
8.501,0.262
8.503,0.262
8.504,0.269
8.506,0.285
8.507,0.285
8.508,0.262
8.510,0.254
8.511,0.269
8.512,0.285
8.514,0.269
8.515,0.246
8.517,0.238
8.518,0.262
8.519,0.262
8.521,0.254
8.522,0.254
8.524,0.246
8.525,0.254
8.526,0.269
8.528,0.269
8.529,0.277
8.531,0.277
8.532,0.269
8.533,0.269
8.535,0.285
8.536,0.285
8.537,0.277
8.539,0.277
8.540,0.269
8.542,0.277
8.543,0.277
8.544,0.285
8.546,0.285
8.547,0.285
8.549,0.277
8.550,0.277
8.551,0.277
8.553,0.277
8.554,0.292
8.556,0.285
8.557,0.277
8.558,0.277
8.560,0.277
8.561,0.269
8.562,0.285
8.564,0.300
8.565,0.285
8.567,0.292
8.568,0.300
8.569,0.315
8.571,0.315
8.572,0.323
8.574,0.323
8.575,0.323
8.576,0.323
8.578,0.331
8.579,0.331
8.581,0.315
8.582,0.308
8.583,0.308
8.585,0.315
8.586,0.315
8.588,0.315
8.589,0.308
8.590,0.315
8.592,0.323
8.593,0.338
8.594,0.338
8.596,0.331
8.597,0.338
8.599,0.354
8.600,0.362
8.601,0.369
8.603,0.377
8.604,0.392
8.606,0.392
8.607,0.392
8.608,0.392
8.610,0.385
8.611,0.400
8.613,0.408
8.614,0.415
8.615,0.400
8.617,0.408
8.618,0.415
8.619,0.415
8.621,0.415
8.622,0.415
8.624,0.423
8.625,0.423
8.626,0.423
8.628,0.431
8.629,0.431
8.631,0.454
8.632,0.462
8.633,0.454
8.635,0.469
8.636,0.469
8.637,0.469
8.639,0.469
8.640,0.462
8.642,0.454
8.643,0.454
8.644,0.477
8.646,0.469
8.647,0.462
8.649,0.469
8.650,0.477
8.651,0.477
8.653,0.477
8.654,0.477
8.656,0.469
8.657,0.462
8.658,0.469
8.660,0.469
8.661,0.454
8.662,0.454
8.664,0.462
8.665,0.462
8.667,0.446
8.668,0.454
8.669,0.462
8.671,0.454
8.672,0.454
8.674,0.454
8.675,0.446
8.676,0.438
8.678,0.446
8.679,0.431
8.681,0.423
8.682,0.415
8.683,0.423
8.685,0.415
8.686,0.415
8.688,0.415
8.689,0.408
8.690,0.400
8.692,0.400
8.693,0.408
8.694,0.400
8.696,0.377
8.697,0.377
8.699,0.377
8.700,0.377
8.701,0.377
8.703,0.354
8.704,0.362
8.706,0.362
8.707,0.323
8.708,0.323
8.710,0.338
8.711,0.346
8.713,0.331
8.714,0.308
8.715,0.300
8.717,0.308
8.718,0.300
8.719,0.285
8.721,0.285
8.722,0.285
8.724,0.269
8.725,0.269
8.726,0.269
8.728,0.254
8.729,0.269
8.731,0.262
8.732,0.246
8.733,0.246
8.735,0.246
8.736,0.254
8.738,0.246
8.739,0.238
8.740,0.238
8.742,0.238
8.743,0.246
8.744,0.238
8.746,0.231
8.747,0.231
8.749,0.238
8.750,0.215
8.751,0.215
8.753,0.215
8.754,0.215
8.756,0.208
8.757,0.208
8.758,0.215
8.760,0.215
8.761,0.223
8.762,0.238
8.764,0.223
8.765,0.223
8.767,0.223
8.768,0.223
8.769,0.208
8.771,0.208
8.772,0.208
8.774,0.192
8.775,0.192
8.776,0.192
8.778,0.200
8.779,0.208
8.781,0.192
8.782,0.185
8.783,0.192
8.785,0.185
8.786,0.185
8.787,0.185
8.789,0.192
8.790,0.192
8.792,0.185
8.793,0.192
8.794,0.200
8.796,0.200
8.797,0.192
8.799,0.200
8.800,0.200
8.801,0.200
8.803,0.215
8.804,0.200
8.806,0.192
8.807,0.208
8.808,0.208
8.810,0.192
8.811,0.192
8.812,0.215
8.814,0.200
8.815,0.192
8.817,0.192
8.818,0.185
8.819,0.177
8.821,0.185
8.822,0.177
8.824,0.177
8.825,0.177
8.826,0.177
8.828,0.177
8.829,0.177
8.831,0.177
8.832,0.177
8.833,0.169
8.835,0.169
8.836,0.177
8.838,0.185
8.839,0.177
8.840,0.185
8.842,0.192
8.843,0.200
8.844,0.192
8.846,0.200
8.847,0.192
8.849,0.192
8.850,0.192
8.851,0.185
8.853,0.192
8.854,0.185
8.856,0.177
8.857,0.185
8.858,0.185
8.860,0.177
8.861,0.162
8.863,0.162
8.864,0.169
8.865,0.169
8.867,0.177
8.868,0.169
8.869,0.177
8.871,0.185
8.872,0.185
8.874,0.192
8.875,0.192
8.876,0.192
8.878,0.192
8.879,0.200
8.881,0.192
8.882,0.185
8.883,0.192
8.885,0.200
8.886,0.200
8.887,0.192
8.889,0.192
8.890,0.192
8.892,0.192
8.893,0.200
8.894,0.200
8.896,0.208
8.897,0.200
8.899,0.192
8.900,0.185
8.901,0.200
8.903,0.200
8.904,0.200
8.906,0.192
8.907,0.192
8.908,0.192
8.910,0.192
8.911,0.200
8.912,0.192
8.914,0.192
8.915,0.192
8.917,0.192
8.918,0.192
8.919,0.185
8.921,0.192
8.922,0.185
8.924,0.169
8.925,0.169
8.926,0.177
8.928,0.185
8.929,0.185
8.931,0.192
8.932,0.192
8.933,0.192
8.935,0.192
8.936,0.200
8.938,0.192
8.939,0.192
8.940,0.192
8.942,0.185
8.943,0.185
8.944,0.192
8.946,0.185
8.947,0.192
8.949,0.192
8.950,0.192
8.951,0.185
8.953,0.208
8.954,0.215
8.956,0.192
8.957,0.200
8.958,0.208
8.960,0.200
8.961,0.208
8.963,0.215
8.964,0.208
8.965,0.208
8.967,0.208
8.968,0.208
8.969,0.208
8.971,0.208
8.972,0.200
8.974,0.185
8.975,0.185
8.976,0.192
8.978,0.192
8.979,0.192
8.981,0.185
8.982,0.185
8.983,0.185
8.985,0.192
8.986,0.200
8.988,0.200
8.989,0.200
8.990,0.200
8.992,0.208
8.993,0.223
8.994,0.223
8.996,0.215
8.997,0.223
8.999,0.215
9.000,0.215
9.001,0.215
9.003,0.231
9.004,0.231
9.006,0.215
9.007,0.208
9.008,0.215
9.010,0.200
9.011,0.208
9.012,0.200
9.014,0.192
9.015,0.208
9.017,0.215
9.018,0.223
9.019,0.223
9.021,0.223
9.022,0.223
9.024,0.215
9.025,0.215
9.026,0.223
9.028,0.231
9.029,0.223
9.031,0.215
9.032,0.215
9.033,0.215
9.035,0.215
9.036,0.215
9.037,0.208
9.039,0.215
9.040,0.223
9.042,0.215
9.043,0.215
9.044,0.223
9.046,0.223
9.047,0.215
9.049,0.215
9.050,0.215
9.051,0.215
9.053,0.215
9.054,0.215
9.056,0.215
9.057,0.208
9.058,0.208
9.060,0.215
9.061,0.215
9.062,0.215
9.064,0.208
9.065,0.208
9.067,0.208
9.068,0.208
9.069,0.208
9.071,0.208
9.072,0.200
9.074,0.208
9.075,0.200
9.076,0.200
9.078,0.192
9.079,0.192
9.081,0.208
9.082,0.192
9.083,0.208
9.085,0.208
9.086,0.200
9.088,0.200
9.089,0.208
9.090,0.215
9.092,0.192
9.093,0.200
9.094,0.215
9.096,0.208
9.097,0.200
9.099,0.208
9.100,0.200
9.101,0.192
9.103,0.208
9.104,0.208
9.106,0.192
9.107,0.208
9.108,0.192
9.110,0.200
9.111,0.215
9.113,0.223
9.114,0.208
9.115,0.215
9.117,0.215
9.118,0.208
9.119,0.208
9.121,0.200
9.122,0.192
9.124,0.192
9.125,0.200
9.126,0.200
9.128,0.208
9.129,0.208
9.131,0.215
9.132,0.215
9.133,0.223
9.135,0.215
9.136,0.223
9.137,0.223
9.139,0.215
9.140,0.215
9.142,0.223
9.143,0.231
9.144,0.223
9.146,0.215
9.147,0.215
9.149,0.208
9.150,0.208
9.151,0.200
9.153,0.208
9.154,0.215
9.156,0.223
9.157,0.223
9.158,0.223
9.160,0.246
9.161,0.254
9.162,0.262
9.164,0.262
9.165,0.262
9.167,0.262
9.168,0.262
9.169,0.262
9.171,0.269
9.172,0.269
9.174,0.269
9.175,0.254
9.176,0.254
9.178,0.262
9.179,0.254
9.181,0.238
9.182,0.246
9.183,0.254
9.185,0.246
9.186,0.262
9.188,0.262
9.189,0.254
9.190,0.262
9.192,0.269
9.193,0.262
9.194,0.277
9.196,0.292
9.197,0.277
9.199,0.277
9.200,0.285
9.201,0.292
9.203,0.285
9.204,0.292
9.206,0.292
9.207,0.300
9.208,0.300
9.210,0.300
9.211,0.300
9.213,0.308
9.214,0.315
9.215,0.300
9.217,0.292
9.218,0.300
9.219,0.308
9.221,0.300
9.222,0.300
9.224,0.300
9.225,0.285
9.226,0.308
9.228,0.308
9.229,0.315
9.231,0.308
9.232,0.315
9.233,0.308
9.235,0.315
9.236,0.315
9.238,0.323
9.239,0.331
9.240,0.331
9.242,0.315
9.243,0.315
9.244,0.315
9.246,0.315
9.247,0.315
9.249,0.315
9.250,0.308
9.251,0.308
9.253,0.315
9.254,0.308
9.256,0.300
9.257,0.308
9.258,0.308
9.260,0.285
9.261,0.292
9.262,0.285
9.264,0.285
9.265,0.277
9.267,0.269
9.268,0.262
9.269,0.262
9.271,0.269
9.272,0.262
9.274,0.246
9.275,0.246
9.276,0.246
9.278,0.246
9.279,0.246
9.281,0.231
9.282,0.231
9.283,0.215
9.285,0.223
9.286,0.223
9.287,0.223
9.289,0.208
9.290,0.223
9.292,0.223
9.293,0.223
9.294,0.215
9.296,0.208
9.297,0.215
9.299,0.208
9.300,0.223
9.301,0.223
9.303,0.215
9.304,0.215
9.306,0.223
9.307,0.223
9.308,0.223
9.310,0.231
9.311,0.238
9.312,0.238
9.314,0.223
9.315,0.223
9.317,0.238
9.318,0.254
9.319,0.246
9.321,0.254
9.322,0.262
9.324,0.262
9.325,0.246
9.326,0.246
9.328,0.262
9.329,0.262
9.331,0.262
9.332,0.262
9.333,0.254
9.335,0.254
9.336,0.269
9.338,0.285
9.339,0.285
9.340,0.300
9.342,0.315
9.343,0.331
9.344,0.346
9.346,0.369
9.347,0.385
9.349,0.400
9.350,0.408
9.351,0.431
9.353,0.446
9.354,0.477
9.356,0.492
9.357,0.500
9.358,0.515
9.360,0.546
9.361,0.569
9.363,0.562
9.364,0.562
9.365,0.554
9.367,0.554
9.368,0.554
9.369,0.546
9.371,0.546
9.372,0.531
9.374,0.508
9.375,0.492
9.376,0.477
9.378,0.446
9.379,0.415
9.381,0.392
9.382,0.377
9.383,0.369
9.385,0.369
9.386,0.377
9.387,0.362
9.389,0.354
9.390,0.346
9.392,0.346
9.393,0.338
9.394,0.338
9.396,0.323
9.397,0.323
9.399,0.323
9.400,0.323
9.401,0.308
9.403,0.315
9.404,0.308
9.406,0.308
9.407,0.308
9.408,0.308
9.410,0.300
9.411,0.292
9.412,0.292
9.414,0.292
9.415,0.285
9.417,0.269
9.418,0.269
9.419,0.262
9.421,0.246
9.422,0.238
9.424,0.238
9.425,0.231
9.426,0.231
9.428,0.238
9.429,0.231
9.431,0.223
9.432,0.215
9.433,0.208
9.435,0.208
9.436,0.208
9.438,0.208
9.439,0.192
9.440,0.200
9.442,0.200
9.443,0.185
9.444,0.208
9.446,0.208
9.447,0.200
9.449,0.208
9.450,0.208
9.451,0.200
9.453,0.208
9.454,0.215
9.456,0.200
9.457,0.200
9.458,0.208
9.460,0.200
9.461,0.200
9.463,0.208
9.464,0.215
9.465,0.208
9.467,0.208
9.468,0.192
9.469,0.200
9.471,0.200
9.472,0.200
9.474,0.200
9.475,0.200
9.476,0.192
9.478,0.192
9.479,0.192
9.481,0.185
9.482,0.185
9.483,0.185
9.485,0.200
9.486,0.200
9.488,0.200
9.489,0.200
9.490,0.200
9.492,0.200
9.493,0.200
9.494,0.200
9.496,0.208
9.497,0.200
9.499,0.200
9.500,0.192
9.501,0.200
9.503,0.200
9.504,0.208
9.506,0.192
9.507,0.185
9.508,0.192
9.510,0.192
9.511,0.192
9.512,0.185
9.514,0.185
9.515,0.185
9.517,0.192
9.518,0.185
9.519,0.185
9.521,0.185
9.522,0.185
9.524,0.192
9.525,0.192
9.526,0.185
9.528,0.200
9.529,0.192
9.531,0.192
9.532,0.192
9.533,0.185
9.535,0.185
9.536,0.177
9.537,0.177
9.539,0.177
9.540,0.169
9.542,0.177
9.543,0.185
9.544,0.185
9.546,0.177
9.547,0.185
9.549,0.185
9.550,0.177
9.551,0.185
9.553,0.192
9.554,0.185
9.556,0.177
9.557,0.177
9.558,0.177
9.560,0.169
9.561,0.177
9.562,0.162
9.564,0.162
9.565,0.177
9.567,0.169
9.568,0.162
9.569,0.169
9.571,0.177
9.572,0.169
9.574,0.169
9.575,0.185
9.576,0.177
9.578,0.169
9.579,0.169
9.581,0.162
9.582,0.169
9.583,0.185
9.585,0.177
9.586,0.169
9.588,0.177
9.589,0.177
9.590,0.162
9.592,0.169
9.593,0.169
9.594,0.162
9.596,0.169
9.597,0.162
9.599,0.146
9.600,0.154
9.601,0.154
9.603,0.146
9.604,0.146
9.606,0.138
9.607,0.123
9.608,0.123
9.610,0.131
9.611,0.131
9.613,0.123
9.614,0.123
9.615,0.115
9.617,0.100
9.618,0.100
9.619,0.100
9.621,0.108
9.622,0.108
9.624,0.092
9.625,0.085
9.626,0.092
9.628,0.092
9.629,0.077
9.631,0.077
9.632,0.092
9.633,0.100
9.635,0.092
9.636,0.092
9.637,0.092
9.639,0.100
9.640,0.100
9.642,0.100
9.643,0.115
9.644,0.123
9.646,0.115
9.647,0.115
9.649,0.123
9.650,0.131
9.651,0.123
9.653,0.131
9.654,0.131
9.656,0.123
9.657,0.131
9.658,0.138
9.660,0.131
9.661,0.123
9.662,0.131
9.664,0.138
9.665,0.138
9.667,0.138
9.668,0.146
9.669,0.154
9.671,0.146
9.672,0.154
9.674,0.162
9.675,0.154
9.676,0.169
9.678,0.169
9.679,0.162
9.681,0.162
9.682,0.177
9.683,0.177
9.685,0.162
9.686,0.169
9.688,0.185
9.689,0.177
9.690,0.185
9.692,0.185
9.693,0.192
9.694,0.192
9.696,0.192
9.697,0.192
9.699,0.192
9.700,0.192
9.701,0.208
9.703,0.208
9.704,0.208
9.706,0.200
9.707,0.208
9.708,0.215
9.710,0.208
9.711,0.215
9.713,0.208
9.714,0.200
9.715,0.200
9.717,0.208
9.718,0.208
9.719,0.215
9.721,0.208
9.722,0.215
9.724,0.215
9.725,0.208
9.726,0.208
9.728,0.215
9.729,0.223
9.731,0.215
9.732,0.215
9.733,0.215
9.735,0.223
9.736,0.208
9.738,0.215
9.739,0.215
9.740,0.200
9.742,0.200
9.743,0.200
9.744,0.192
9.746,0.200
9.747,0.200
9.749,0.200
9.750,0.192
9.751,0.208
9.753,0.208
9.754,0.200
9.756,0.192
9.757,0.208
9.758,0.215
9.760,0.223
9.761,0.231
9.762,0.231
9.764,0.223
9.765,0.223
9.767,0.223
9.768,0.215
9.769,0.215
9.771,0.223
9.772,0.208
9.774,0.208
9.775,0.215
9.776,0.208
9.778,0.215
9.779,0.215
9.781,0.215
9.782,0.215
9.783,0.215
9.785,0.215
9.786,0.223
9.787,0.231
9.789,0.231
9.790,0.223
9.792,0.223
9.793,0.223
9.794,0.208
9.796,0.215
9.797,0.215
9.799,0.208
9.800,0.215
9.801,0.200
9.803,0.208
9.804,0.208
9.806,0.215
9.807,0.231
9.808,0.231
9.810,0.231
9.811,0.231
9.812,0.246
9.814,0.254
9.815,0.246
9.817,0.246
9.818,0.246
9.819,0.246
9.821,0.246
9.822,0.238
9.824,0.231
9.825,0.231
9.826,0.215
9.828,0.231
9.829,0.231
9.831,0.215
9.832,0.223
9.833,0.215
9.835,0.215
9.836,0.215
9.838,0.215
9.839,0.215
9.840,0.208
9.842,0.215
9.843,0.215
9.844,0.223
9.846,0.215
9.847,0.223
9.849,0.215
9.850,0.215
9.851,0.215
9.853,0.223
9.854,0.215
9.856,0.215
9.857,0.231
9.858,0.231
9.860,0.231
9.861,0.246
9.863,0.254
9.864,0.269
9.865,0.277
9.867,0.292
9.868,0.308
9.869,0.315
9.871,0.338
9.872,0.331
9.874,0.331
9.875,0.338
9.876,0.338
9.878,0.346
9.879,0.362
9.881,0.346
9.882,0.331
9.883,0.308
9.885,0.292
9.886,0.269
9.887,0.246
9.889,0.223
9.890,0.192
9.892,0.177
9.893,0.138
9.894,0.100
9.896,0.069
9.897,0.023
9.899,-0.015
9.900,-0.054
9.901,-0.100
9.903,-0.162
9.904,-0.231
9.906,-0.292
9.907,-0.354
9.908,-0.415
9.910,-0.477
9.911,-0.508
9.912,-0.508
9.914,-0.477
9.915,-0.462
9.917,-0.454
9.918,-0.446
9.919,-0.431
9.921,-0.423
9.922,-0.400
9.924,-0.362
9.925,-0.338
9.926,-0.315
9.928,-0.285
9.929,-0.254
9.931,-0.238
9.932,-0.200
9.933,-0.146
9.935,-0.092
9.936,-0.038
9.938,0.008
9.939,0.031
9.940,0.077
9.942,0.115
9.943,0.131
9.944,0.131
9.946,0.131
9.947,0.154
9.949,0.162
9.950,0.169
9.951,0.177
9.953,0.192
9.954,0.200
9.956,0.208
9.957,0.215
9.958,0.215
9.960,0.223
9.961,0.231
9.963,0.238
9.964,0.231
9.965,0.238
9.967,0.238
9.968,0.246
9.969,0.238
9.971,0.238
9.972,0.238
9.974,0.238
9.975,0.238
9.976,0.246
9.978,0.238
9.979,0.246
9.981,0.246
9.982,0.254
9.983,0.254
9.985,0.246
9.986,0.246
9.988,0.246
9.989,0.238
9.990,0.238
9.992,0.246
9.993,0.246
9.994,0.254
9.996,0.262
9.997,0.262
9.999,0.262
